-- Proyecto final - Fundamentos de bases de datos - Inserts para llenar la base de datos de los empleados
-- Javier Alejandro Rivera Zavala y Abraham Jimenez Reyes
-- Generado a partir de un dump de la base en PGDAdmin.
--
-- Data for Name: departamentos; Type: TABLE DATA; Schema: public; 
--

INSERT INTO public.departamentos (id_departamento, nombre, descripcion) VALUES (1, 'Logistica', 'Envios');
INSERT INTO public.departamentos (id_departamento, nombre, descripcion) VALUES (3, 'Logistica', 'Envios');
INSERT INTO public.departamentos (id_departamento, nombre, descripcion) VALUES (4, 'Logistica', 'Envios');
INSERT INTO public.departamentos (id_departamento, nombre, descripcion) VALUES (5, 'Logistica', 'Envios');
INSERT INTO public.departamentos (id_departamento, nombre, descripcion) VALUES (6, 'Logistica', 'Envios');
INSERT INTO public.departamentos (id_departamento, nombre, descripcion) VALUES (7, 'Logistica', 'Envios');
INSERT INTO public.departamentos (id_departamento, nombre, descripcion) VALUES (8, 'Logistica', 'Envios');
INSERT INTO public.departamentos (id_departamento, nombre, descripcion) VALUES (9, 'Logistica', 'Envios');
INSERT INTO public.departamentos (id_departamento, nombre, descripcion) VALUES (10, 'Financiero', 'Metodos de pagos');
INSERT INTO public.departamentos (id_departamento, nombre, descripcion) VALUES (11, 'Financiero', 'Metodos de pagos');
INSERT INTO public.departamentos (id_departamento, nombre, descripcion) VALUES (12, 'Financiero', 'Metodos de pagos');
INSERT INTO public.departamentos (id_departamento, nombre, descripcion) VALUES (13, 'Financiero', 'Metodos de pagos');
INSERT INTO public.departamentos (id_departamento, nombre, descripcion) VALUES (14, 'Financiero', 'Metodos de pagos');
INSERT INTO public.departamentos (id_departamento, nombre, descripcion) VALUES (15, 'Financiero', 'Metodos de pagos');
INSERT INTO public.departamentos (id_departamento, nombre, descripcion) VALUES (16, 'Financiero', 'Metodos de pagos');
INSERT INTO public.departamentos (id_departamento, nombre, descripcion) VALUES (17, 'Financiero', 'Metodos de pagos');
INSERT INTO public.departamentos (id_departamento, nombre, descripcion) VALUES (18, 'Financiero', 'Metodos de pagos');
INSERT INTO public.departamentos (id_departamento, nombre, descripcion) VALUES (19, 'Financiero', 'Metodos de pagos');
INSERT INTO public.departamentos (id_departamento, nombre, descripcion) VALUES (20, 'Recursos humanos', 'Relaciones trabajador');
INSERT INTO public.departamentos (id_departamento, nombre, descripcion) VALUES (21, 'Recursos humanos', 'Relaciones trabajador');
INSERT INTO public.departamentos (id_departamento, nombre, descripcion) VALUES (22, 'Recursos humanos', 'Relaciones trabajador');
INSERT INTO public.departamentos (id_departamento, nombre, descripcion) VALUES (23, 'Recursos humanos', 'Relaciones trabajador');
INSERT INTO public.departamentos (id_departamento, nombre, descripcion) VALUES (24, 'Recursos humanos', 'Relaciones trabajador');
INSERT INTO public.departamentos (id_departamento, nombre, descripcion) VALUES (25, 'Recursos humanos', 'Relaciones trabajador');
INSERT INTO public.departamentos (id_departamento, nombre, descripcion) VALUES (26, 'Recursos humanos', 'Relaciones trabajador');
INSERT INTO public.departamentos (id_departamento, nombre, descripcion) VALUES (27, 'Recursos humanos', 'Relaciones trabajador');
INSERT INTO public.departamentos (id_departamento, nombre, descripcion) VALUES (28, 'Recursos humanos', 'Relaciones trabajador');
INSERT INTO public.departamentos (id_departamento, nombre, descripcion) VALUES (29, 'Recursos humanos', 'Relaciones trabajador');
INSERT INTO public.departamentos (id_departamento, nombre, descripcion) VALUES (30, 'Recursos humanos', 'Relaciones trabajador');
INSERT INTO public.departamentos (id_departamento, nombre, descripcion) VALUES (31, 'Recursos humanos', 'Relaciones trabajador');
INSERT INTO public.departamentos (id_departamento, nombre, descripcion) VALUES (32, 'Recursos humanos', 'Relaciones trabajador');
INSERT INTO public.departamentos (id_departamento, nombre, descripcion) VALUES (33, 'Marketing', 'Promocionales');
INSERT INTO public.departamentos (id_departamento, nombre, descripcion) VALUES (34, 'Marketing', 'Promocionales');
INSERT INTO public.departamentos (id_departamento, nombre, descripcion) VALUES (35, 'Marketing', 'Promocionales');
INSERT INTO public.departamentos (id_departamento, nombre, descripcion) VALUES (36, 'Marketing', 'Promocionales');
INSERT INTO public.departamentos (id_departamento, nombre, descripcion) VALUES (37, 'Marketing', 'Promocionales');
INSERT INTO public.departamentos (id_departamento, nombre, descripcion) VALUES (38, 'Marketing', 'Promocionales');
INSERT INTO public.departamentos (id_departamento, nombre, descripcion) VALUES (39, 'Marketing', 'Promocionales');
INSERT INTO public.departamentos (id_departamento, nombre, descripcion) VALUES (40, 'Marketing', 'Promocionales');
INSERT INTO public.departamentos (id_departamento, nombre, descripcion) VALUES (41, 'Marketing', 'Promocionales');
INSERT INTO public.departamentos (id_departamento, nombre, descripcion) VALUES (42, 'Marketing', 'Promocionales');
INSERT INTO public.departamentos (id_departamento, nombre, descripcion) VALUES (43, 'Marketing', 'Promocionales');
INSERT INTO public.departamentos (id_departamento, nombre, descripcion) VALUES (44, 'Marketing', 'Promocionales');
INSERT INTO public.departamentos (id_departamento, nombre, descripcion) VALUES (45, 'Marketing', 'Promocionales');
INSERT INTO public.departamentos (id_departamento, nombre, descripcion) VALUES (46, 'Marketing', 'Promocionales');
INSERT INTO public.departamentos (id_departamento, nombre, descripcion) VALUES (47, 'Marketing', 'Promocionales');
INSERT INTO public.departamentos (id_departamento, nombre, descripcion) VALUES (48, 'Marketing', 'Promocionales');
INSERT INTO public.departamentos (id_departamento, nombre, descripcion) VALUES (49, 'Control de gestion', 'Calidad producto');
INSERT INTO public.departamentos (id_departamento, nombre, descripcion) VALUES (50, 'Control de gestion', 'Calidad producto');
INSERT INTO public.departamentos (id_departamento, nombre, descripcion) VALUES (51, 'Control de gestion', 'Calidad producto');
INSERT INTO public.departamentos (id_departamento, nombre, descripcion) VALUES (52, 'Control de gestion', 'Calidad producto');
INSERT INTO public.departamentos (id_departamento, nombre, descripcion) VALUES (53, 'Control de gestion', 'Calidad producto');
INSERT INTO public.departamentos (id_departamento, nombre, descripcion) VALUES (54, 'Control de gestion', 'Calidad producto');
INSERT INTO public.departamentos (id_departamento, nombre, descripcion) VALUES (55, 'Control de gestion', 'Calidad producto');
INSERT INTO public.departamentos (id_departamento, nombre, descripcion) VALUES (56, 'Control de gestion', 'Calidad producto');
INSERT INTO public.departamentos (id_departamento, nombre, descripcion) VALUES (57, 'Control de gestion', 'Calidad producto');
INSERT INTO public.departamentos (id_departamento, nombre, descripcion) VALUES (58, 'Comercial', 'Gestionar ventas');
INSERT INTO public.departamentos (id_departamento, nombre, descripcion) VALUES (59, 'Comercial', 'Gestionar ventas');
INSERT INTO public.departamentos (id_departamento, nombre, descripcion) VALUES (60, 'Comercial', 'Gestionar ventas');
INSERT INTO public.departamentos (id_departamento, nombre, descripcion) VALUES (61, 'Comercial', 'Gestionar ventas');
INSERT INTO public.departamentos (id_departamento, nombre, descripcion) VALUES (62, 'Comercial', 'Gestionar ventas');
INSERT INTO public.departamentos (id_departamento, nombre, descripcion) VALUES (63, 'Comercial', 'Gestionar ventas');
INSERT INTO public.departamentos (id_departamento, nombre, descripcion) VALUES (64, 'Comercial', 'Gestionar ventas');
INSERT INTO public.departamentos (id_departamento, nombre, descripcion) VALUES (65, 'Comercial', 'Gestionar ventas');
INSERT INTO public.departamentos (id_departamento, nombre, descripcion) VALUES (66, 'Comercial', 'Gestionar ventas');
INSERT INTO public.departamentos (id_departamento, nombre, descripcion) VALUES (67, 'Comercial', 'Gestionar ventas');
INSERT INTO public.departamentos (id_departamento, nombre, descripcion) VALUES (68, 'Comercial', 'Gestionar ventas');
INSERT INTO public.departamentos (id_departamento, nombre, descripcion) VALUES (69, 'Comercial', 'Gestionar ventas');
INSERT INTO public.departamentos (id_departamento, nombre, descripcion) VALUES (70, 'Comercial', 'Gestionar ventas');
INSERT INTO public.departamentos (id_departamento, nombre, descripcion) VALUES (71, 'Operaciones', 'Fabricaciones');
INSERT INTO public.departamentos (id_departamento, nombre, descripcion) VALUES (72, 'Operaciones', 'Fabricaciones');
INSERT INTO public.departamentos (id_departamento, nombre, descripcion) VALUES (73, 'Operaciones', 'Fabricaciones');
INSERT INTO public.departamentos (id_departamento, nombre, descripcion) VALUES (74, 'Operaciones', 'Fabricaciones');
INSERT INTO public.departamentos (id_departamento, nombre, descripcion) VALUES (75, 'Operaciones', 'Fabricaciones');
INSERT INTO public.departamentos (id_departamento, nombre, descripcion) VALUES (76, 'Operaciones', 'Fabricaciones');
INSERT INTO public.departamentos (id_departamento, nombre, descripcion) VALUES (77, 'Operaciones', 'Fabricaciones');
INSERT INTO public.departamentos (id_departamento, nombre, descripcion) VALUES (78, 'Operaciones', 'Fabricaciones');
INSERT INTO public.departamentos (id_departamento, nombre, descripcion) VALUES (79, 'Operaciones', 'Fabricaciones');
INSERT INTO public.departamentos (id_departamento, nombre, descripcion) VALUES (80, 'Operaciones', 'Fabricaciones');
INSERT INTO public.departamentos (id_departamento, nombre, descripcion) VALUES (81, 'Compras', 'Compra de recursos');
INSERT INTO public.departamentos (id_departamento, nombre, descripcion) VALUES (82, 'Compras', 'Compra de recursos');
INSERT INTO public.departamentos (id_departamento, nombre, descripcion) VALUES (83, 'Compras', 'Compra de recursos');
INSERT INTO public.departamentos (id_departamento, nombre, descripcion) VALUES (84, 'Compras', 'Compra de recursos');
INSERT INTO public.departamentos (id_departamento, nombre, descripcion) VALUES (85, 'Compras', 'Compra de recursos');
INSERT INTO public.departamentos (id_departamento, nombre, descripcion) VALUES (86, 'Compras', 'Compra de recursos');
INSERT INTO public.departamentos (id_departamento, nombre, descripcion) VALUES (87, 'Compras', 'Compra de recursos');
INSERT INTO public.departamentos (id_departamento, nombre, descripcion) VALUES (88, 'Compras', 'Compra de recursos');
INSERT INTO public.departamentos (id_departamento, nombre, descripcion) VALUES (89, 'Compras', 'Compra de recursos');
INSERT INTO public.departamentos (id_departamento, nombre, descripcion) VALUES (90, 'Compras', 'Compra de recursos');
INSERT INTO public.departamentos (id_departamento, nombre, descripcion) VALUES (91, 'Compras', 'Compra de recursos');
INSERT INTO public.departamentos (id_departamento, nombre, descripcion) VALUES (92, 'Compras', 'Compra de recursos');
INSERT INTO public.departamentos (id_departamento, nombre, descripcion) VALUES (93, 'Direccion general', 'Toma de decisiones');
INSERT INTO public.departamentos (id_departamento, nombre, descripcion) VALUES (94, 'Direccion general', 'Toma de decisiones');
INSERT INTO public.departamentos (id_departamento, nombre, descripcion) VALUES (95, 'Direccion general', 'Toma de decisiones');
INSERT INTO public.departamentos (id_departamento, nombre, descripcion) VALUES (96, 'Direccion general', 'Toma de decisiones');
INSERT INTO public.departamentos (id_departamento, nombre, descripcion) VALUES (97, 'Direccion general', 'Toma de decisiones');
INSERT INTO public.departamentos (id_departamento, nombre, descripcion) VALUES (98, 'Direccion general', 'Toma de decisiones');
INSERT INTO public.departamentos (id_departamento, nombre, descripcion) VALUES (99, 'Direccion general', 'Toma de decisiones');
INSERT INTO public.departamentos (id_departamento, nombre, descripcion) VALUES (100, 'Direccion general', 'Toma de decisiones');


--
-- Data for Name: dependientes; Type: TABLE DATA; Schema: public; 
--

INSERT INTO public.dependientes (id_dependientes, id_empleado, nombre, parentesco, fecha_de_nacimiento) VALUES (1, 1, 'Karla', 'Primo', 19890302);
INSERT INTO public.dependientes (id_dependientes, id_empleado, nombre, parentesco, fecha_de_nacimiento) VALUES (2, 2, 'Petra', 'Madre', 19591102);
INSERT INTO public.dependientes (id_dependientes, id_empleado, nombre, parentesco, fecha_de_nacimiento) VALUES (3, 3, 'Alonso', 'Hermano', 19990306);
INSERT INTO public.dependientes (id_dependientes, id_empleado, nombre, parentesco, fecha_de_nacimiento) VALUES (4, 4, 'Javier', 'Tio', 19800303);
INSERT INTO public.dependientes (id_dependientes, id_empleado, nombre, parentesco, fecha_de_nacimiento) VALUES (5, 5, 'Ximena', 'Hermana', 20030503);
INSERT INTO public.dependientes (id_dependientes, id_empleado, nombre, parentesco, fecha_de_nacimiento) VALUES (6, 6, 'Luis', 'Primo', 19890402);
INSERT INTO public.dependientes (id_dependientes, id_empleado, nombre, parentesco, fecha_de_nacimiento) VALUES (7, 7, 'Beatriz', 'Tia', 19700302);
INSERT INTO public.dependientes (id_dependientes, id_empleado, nombre, parentesco, fecha_de_nacimiento) VALUES (8, 8, 'Joshua', 'Primo', 20090302);
INSERT INTO public.dependientes (id_dependientes, id_empleado, nombre, parentesco, fecha_de_nacimiento) VALUES (9, 9, 'Ester', 'Esposa', 20090302);
INSERT INTO public.dependientes (id_dependientes, id_empleado, nombre, parentesco, fecha_de_nacimiento) VALUES (10, 10, 'Keith', 'Novia', 20090402);
INSERT INTO public.dependientes (id_dependientes, id_empleado, nombre, parentesco, fecha_de_nacimiento) VALUES (11, 11, 'Vanessa', 'Prima', 19891202);
INSERT INTO public.dependientes (id_dependientes, id_empleado, nombre, parentesco, fecha_de_nacimiento) VALUES (12, 12, 'Berenice', 'Madre', 19980302);
INSERT INTO public.dependientes (id_dependientes, id_empleado, nombre, parentesco, fecha_de_nacimiento) VALUES (13, 13, 'Alejandra', 'Tia', 20010302);
INSERT INTO public.dependientes (id_dependientes, id_empleado, nombre, parentesco, fecha_de_nacimiento) VALUES (14, 14, 'Jessica', 'Hermana', 19890702);
INSERT INTO public.dependientes (id_dependientes, id_empleado, nombre, parentesco, fecha_de_nacimiento) VALUES (15, 15, 'Alexandra', 'Madre', 20020302);
INSERT INTO public.dependientes (id_dependientes, id_empleado, nombre, parentesco, fecha_de_nacimiento) VALUES (16, 16, 'Ximena', 'Hermana', 20030302);
INSERT INTO public.dependientes (id_dependientes, id_empleado, nombre, parentesco, fecha_de_nacimiento) VALUES (17, 17, 'Hannia', 'Tia', 20040302);
INSERT INTO public.dependientes (id_dependientes, id_empleado, nombre, parentesco, fecha_de_nacimiento) VALUES (18, 18, 'Argelia', 'Esposa', 19881002);
INSERT INTO public.dependientes (id_dependientes, id_empleado, nombre, parentesco, fecha_de_nacimiento) VALUES (19, 19, 'Monserrat', 'Hermana', 19990108);
INSERT INTO public.dependientes (id_dependientes, id_empleado, nombre, parentesco, fecha_de_nacimiento) VALUES (20, 20, 'Ayatziri', 'Sobrina', 19970302);
INSERT INTO public.dependientes (id_dependientes, id_empleado, nombre, parentesco, fecha_de_nacimiento) VALUES (21, 21, 'Fernanda', 'Cuñada', 1989092);
INSERT INTO public.dependientes (id_dependientes, id_empleado, nombre, parentesco, fecha_de_nacimiento) VALUES (22, 22, 'Yolanda', 'Madre', 19861028);
INSERT INTO public.dependientes (id_dependientes, id_empleado, nombre, parentesco, fecha_de_nacimiento) VALUES (23, 23, 'Esmeralda', 'Tia', 19890602);
INSERT INTO public.dependientes (id_dependientes, id_empleado, nombre, parentesco, fecha_de_nacimiento) VALUES (24, 24, 'Michelle', 'Prima', 19890502);
INSERT INTO public.dependientes (id_dependientes, id_empleado, nombre, parentesco, fecha_de_nacimiento) VALUES (25, 25, 'Tania', 'Esposa', 19900302);
INSERT INTO public.dependientes (id_dependientes, id_empleado, nombre, parentesco, fecha_de_nacimiento) VALUES (26, 26, 'Angelica', 'Tia', 19890329);
INSERT INTO public.dependientes (id_dependientes, id_empleado, nombre, parentesco, fecha_de_nacimiento) VALUES (27, 27, 'Nelly', 'Esposa', 19890328);
INSERT INTO public.dependientes (id_dependientes, id_empleado, nombre, parentesco, fecha_de_nacimiento) VALUES (28, 28, 'Marcelina', 'Madre', 19890327);
INSERT INTO public.dependientes (id_dependientes, id_empleado, nombre, parentesco, fecha_de_nacimiento) VALUES (29, 29, 'Tatiana', 'Novia', 19890326);
INSERT INTO public.dependientes (id_dependientes, id_empleado, nombre, parentesco, fecha_de_nacimiento) VALUES (30, 30, 'Liz', 'Sobrina', 19890325);
INSERT INTO public.dependientes (id_dependientes, id_empleado, nombre, parentesco, fecha_de_nacimiento) VALUES (31, 31, 'Lizbeth', 'Hija', 19890324);
INSERT INTO public.dependientes (id_dependientes, id_empleado, nombre, parentesco, fecha_de_nacimiento) VALUES (32, 32, 'Zuri', 'Hija', 19890323);
INSERT INTO public.dependientes (id_dependientes, id_empleado, nombre, parentesco, fecha_de_nacimiento) VALUES (33, 33, 'Nayelly', 'Hija', 19890322);
INSERT INTO public.dependientes (id_dependientes, id_empleado, nombre, parentesco, fecha_de_nacimiento) VALUES (34, 34, 'Cansas', 'Hermana', 19890321);
INSERT INTO public.dependientes (id_dependientes, id_empleado, nombre, parentesco, fecha_de_nacimiento) VALUES (36, 36, 'Alondra', 'Hija', 19890323);
INSERT INTO public.dependientes (id_dependientes, id_empleado, nombre, parentesco, fecha_de_nacimiento) VALUES (37, 37, 'Katia', 'Prima', 19890324);
INSERT INTO public.dependientes (id_dependientes, id_empleado, nombre, parentesco, fecha_de_nacimiento) VALUES (38, 38, 'Samantha', 'Hija', 19890325);
INSERT INTO public.dependientes (id_dependientes, id_empleado, nombre, parentesco, fecha_de_nacimiento) VALUES (39, 39, 'Ana', 'Tia', 19890326);
INSERT INTO public.dependientes (id_dependientes, id_empleado, nombre, parentesco, fecha_de_nacimiento) VALUES (40, 40, 'Sol', 'Prima', 19890327);
INSERT INTO public.dependientes (id_dependientes, id_empleado, nombre, parentesco, fecha_de_nacimiento) VALUES (41, 41, 'Karla', 'Madre', 19890328);
INSERT INTO public.dependientes (id_dependientes, id_empleado, nombre, parentesco, fecha_de_nacimiento) VALUES (42, 42, 'Nancy', 'Abuela', 19890329);
INSERT INTO public.dependientes (id_dependientes, id_empleado, nombre, parentesco, fecha_de_nacimiento) VALUES (43, 43, 'Pedro', 'Abuelo', 20010911);
INSERT INTO public.dependientes (id_dependientes, id_empleado, nombre, parentesco, fecha_de_nacimiento) VALUES (44, 44, 'Alan', 'Abuel0', 20030912);
INSERT INTO public.dependientes (id_dependientes, id_empleado, nombre, parentesco, fecha_de_nacimiento) VALUES (45, 45, 'Alfredo', 'Abuelo', 20040913);
INSERT INTO public.dependientes (id_dependientes, id_empleado, nombre, parentesco, fecha_de_nacimiento) VALUES (46, 46, 'Abraham', 'Abuelo', 20050914);
INSERT INTO public.dependientes (id_dependientes, id_empleado, nombre, parentesco, fecha_de_nacimiento) VALUES (47, 47, 'Miguel', 'Hermano', 20060915);
INSERT INTO public.dependientes (id_dependientes, id_empleado, nombre, parentesco, fecha_de_nacimiento) VALUES (48, 48, 'Daniel', 'Tio', 20070916);
INSERT INTO public.dependientes (id_dependientes, id_empleado, nombre, parentesco, fecha_de_nacimiento) VALUES (49, 49, 'Lizardi', 'Abuelo', 20020817);
INSERT INTO public.dependientes (id_dependientes, id_empleado, nombre, parentesco, fecha_de_nacimiento) VALUES (50, 50, 'Ricardo', 'Hijo', 20020618);
INSERT INTO public.dependientes (id_dependientes, id_empleado, nombre, parentesco, fecha_de_nacimiento) VALUES (51, 51, 'Florencio', 'Tio', 20020519);
INSERT INTO public.dependientes (id_dependientes, id_empleado, nombre, parentesco, fecha_de_nacimiento) VALUES (52, 52, 'Ivan', 'Primo', 20020411);
INSERT INTO public.dependientes (id_dependientes, id_empleado, nombre, parentesco, fecha_de_nacimiento) VALUES (53, 53, 'Jaime', 'Hijo', 20020311);
INSERT INTO public.dependientes (id_dependientes, id_empleado, nombre, parentesco, fecha_de_nacimiento) VALUES (54, 54, 'Esteban', 'Hijo', 20020211);
INSERT INTO public.dependientes (id_dependientes, id_empleado, nombre, parentesco, fecha_de_nacimiento) VALUES (55, 55, 'Alexis', 'Primo', 20020111);
INSERT INTO public.dependientes (id_dependientes, id_empleado, nombre, parentesco, fecha_de_nacimiento) VALUES (56, 56, 'Osvaldo', 'Abuelo', 20020931);
INSERT INTO public.dependientes (id_dependientes, id_empleado, nombre, parentesco, fecha_de_nacimiento) VALUES (57, 57, 'Hugo', 'Padre', 20020930);
INSERT INTO public.dependientes (id_dependientes, id_empleado, nombre, parentesco, fecha_de_nacimiento) VALUES (58, 58, 'Jaciel', 'Padre', 20020929);
INSERT INTO public.dependientes (id_dependientes, id_empleado, nombre, parentesco, fecha_de_nacimiento) VALUES (59, 59, 'Diego', 'Padre', 20020928);
INSERT INTO public.dependientes (id_dependientes, id_empleado, nombre, parentesco, fecha_de_nacimiento) VALUES (60, 60, 'Santiago', 'Tio', 20020927);
INSERT INTO public.dependientes (id_dependientes, id_empleado, nombre, parentesco, fecha_de_nacimiento) VALUES (61, 61, 'Jonathan', 'Abuelo', 20020926);
INSERT INTO public.dependientes (id_dependientes, id_empleado, nombre, parentesco, fecha_de_nacimiento) VALUES (62, 62, 'Juan', 'Abuelo', 20020925);
INSERT INTO public.dependientes (id_dependientes, id_empleado, nombre, parentesco, fecha_de_nacimiento) VALUES (63, 62, 'Lucio', 'Hermano', 20020924);
INSERT INTO public.dependientes (id_dependientes, id_empleado, nombre, parentesco, fecha_de_nacimiento) VALUES (64, 64, 'Joel', 'Hermano', 20020923);
INSERT INTO public.dependientes (id_dependientes, id_empleado, nombre, parentesco, fecha_de_nacimiento) VALUES (65, 65, 'Javier', 'Tio', 20020922);
INSERT INTO public.dependientes (id_dependientes, id_empleado, nombre, parentesco, fecha_de_nacimiento) VALUES (66, 66, 'Pepe', 'Tio', 20020921);
INSERT INTO public.dependientes (id_dependientes, id_empleado, nombre, parentesco, fecha_de_nacimiento) VALUES (67, 67, 'Toño', 'Tio', 20020920);
INSERT INTO public.dependientes (id_dependientes, id_empleado, nombre, parentesco, fecha_de_nacimiento) VALUES (68, 68, 'Kirito', 'Abuel0', 20010911);
INSERT INTO public.dependientes (id_dependientes, id_empleado, nombre, parentesco, fecha_de_nacimiento) VALUES (69, 69, 'Zusunaga', 'Abuelo', 20000911);
INSERT INTO public.dependientes (id_dependientes, id_empleado, nombre, parentesco, fecha_de_nacimiento) VALUES (70, 70, 'Joh lu', 'Primo', 20000111);
INSERT INTO public.dependientes (id_dependientes, id_empleado, nombre, parentesco, fecha_de_nacimiento) VALUES (71, 71, 'Naruto', 'Abuelo', 20030111);
INSERT INTO public.dependientes (id_dependientes, id_empleado, nombre, parentesco, fecha_de_nacimiento) VALUES (72, 72, 'Gohan', 'Tio', 20020821);
INSERT INTO public.dependientes (id_dependientes, id_empleado, nombre, parentesco, fecha_de_nacimiento) VALUES (73, 73, 'Cristo', 'Suegro', 20000811);
INSERT INTO public.dependientes (id_dependientes, id_empleado, nombre, parentesco, fecha_de_nacimiento) VALUES (74, 74, 'Soldier', 'Tio', 20000911);
INSERT INTO public.dependientes (id_dependientes, id_empleado, nombre, parentesco, fecha_de_nacimiento) VALUES (75, 75, 'Napore', 'Hermano', 20010111);
INSERT INTO public.dependientes (id_dependientes, id_empleado, nombre, parentesco, fecha_de_nacimiento) VALUES (76, 76, 'Light', 'Cuñado', 20021111);
INSERT INTO public.dependientes (id_dependientes, id_empleado, nombre, parentesco, fecha_de_nacimiento) VALUES (77, 77, 'Andres', 'primo', 20021210);
INSERT INTO public.dependientes (id_dependientes, id_empleado, nombre, parentesco, fecha_de_nacimiento) VALUES (78, 78, 'alejandro', 'Hijo', 20020110);
INSERT INTO public.dependientes (id_dependientes, id_empleado, nombre, parentesco, fecha_de_nacimiento) VALUES (79, 79, 'Santiago', 'Hijo', 20020218);
INSERT INTO public.dependientes (id_dependientes, id_empleado, nombre, parentesco, fecha_de_nacimiento) VALUES (80, 80, 'Merildo', 'Hijo', 20020111);
INSERT INTO public.dependientes (id_dependientes, id_empleado, nombre, parentesco, fecha_de_nacimiento) VALUES (81, 81, 'Hernesto', 'Abuelo', 19900101);
INSERT INTO public.dependientes (id_dependientes, id_empleado, nombre, parentesco, fecha_de_nacimiento) VALUES (82, 82, 'Pedro', 'Hijo', 19900102);
INSERT INTO public.dependientes (id_dependientes, id_empleado, nombre, parentesco, fecha_de_nacimiento) VALUES (83, 83, 'Morales', 'Hijo', 19900103);
INSERT INTO public.dependientes (id_dependientes, id_empleado, nombre, parentesco, fecha_de_nacimiento) VALUES (84, 84, 'Carlos', 'Hermano', 19900104);
INSERT INTO public.dependientes (id_dependientes, id_empleado, nombre, parentesco, fecha_de_nacimiento) VALUES (85, 85, 'Thiago', 'Hermano', 19900105);
INSERT INTO public.dependientes (id_dependientes, id_empleado, nombre, parentesco, fecha_de_nacimiento) VALUES (86, 86, 'Cristiano', 'Hjio', 19900106);
INSERT INTO public.dependientes (id_dependientes, id_empleado, nombre, parentesco, fecha_de_nacimiento) VALUES (87, 87, 'Pedro', 'Hermano', 19900107);
INSERT INTO public.dependientes (id_dependientes, id_empleado, nombre, parentesco, fecha_de_nacimiento) VALUES (88, 88, 'Leonel', 'Abuelo', 19900108);
INSERT INTO public.dependientes (id_dependientes, id_empleado, nombre, parentesco, fecha_de_nacimiento) VALUES (89, 89, 'Sergio', 'Tio', 19900109);
INSERT INTO public.dependientes (id_dependientes, id_empleado, nombre, parentesco, fecha_de_nacimiento) VALUES (90, 90, 'Char', 'Sobrino', 19900110);
INSERT INTO public.dependientes (id_dependientes, id_empleado, nombre, parentesco, fecha_de_nacimiento) VALUES (91, 91, 'Cruz', 'Tio', 19900210);
INSERT INTO public.dependientes (id_dependientes, id_empleado, nombre, parentesco, fecha_de_nacimiento) VALUES (92, 92, 'Garcia', 'Padre', 19900310);
INSERT INTO public.dependientes (id_dependientes, id_empleado, nombre, parentesco, fecha_de_nacimiento) VALUES (93, 93, 'Pele', 'Padre', 19900410);
INSERT INTO public.dependientes (id_dependientes, id_empleado, nombre, parentesco, fecha_de_nacimiento) VALUES (94, 94, 'Xavi', 'hijo', 19900510);
INSERT INTO public.dependientes (id_dependientes, id_empleado, nombre, parentesco, fecha_de_nacimiento) VALUES (95, 95, 'Andres', 'Hijo', 19900610);
INSERT INTO public.dependientes (id_dependientes, id_empleado, nombre, parentesco, fecha_de_nacimiento) VALUES (96, 96, 'Chema', 'Hijo', 19900710);
INSERT INTO public.dependientes (id_dependientes, id_empleado, nombre, parentesco, fecha_de_nacimiento) VALUES (97, 97, 'Santiago', 'Tio', 19900810);
INSERT INTO public.dependientes (id_dependientes, id_empleado, nombre, parentesco, fecha_de_nacimiento) VALUES (98, 98, 'Ronaldo', 'Padre', 19900810);
INSERT INTO public.dependientes (id_dependientes, id_empleado, nombre, parentesco, fecha_de_nacimiento) VALUES (99, 99, 'Messi', 'Cuñado', 19901010);
INSERT INTO public.dependientes (id_dependientes, id_empleado, nombre, parentesco, fecha_de_nacimiento) VALUES (100, 100, 'Carlos', 'Hermano', 19901110);


--
-- Data for Name: direcciones; Type: TABLE DATA; Schema: public; 
--

INSERT INTO public.direcciones (id_direcciones, id_empleado, calle, ciudad, estado, codigo_postal) VALUES (1, 1, 'AV. JUAREZ NO. 963, ROMA NORTE', 'CDMX', 'DF', '58018');
INSERT INTO public.direcciones (id_direcciones, id_empleado, calle, ciudad, estado, codigo_postal) VALUES (2, 2, 'Calle del Sol No. 123', 'Guadalajara', 'Jalisco', '44100');
INSERT INTO public.direcciones (id_direcciones, id_empleado, calle, ciudad, estado, codigo_postal) VALUES (3, 3, 'Avenida de la Luna No. 456', 'Monterrey', 'Nuevo León', '64000');
INSERT INTO public.direcciones (id_direcciones, id_empleado, calle, ciudad, estado, codigo_postal) VALUES (4, 4, 'Calle Principal No. 789', 'Puebla', 'Puebla', '72000');
INSERT INTO public.direcciones (id_direcciones, id_empleado, calle, ciudad, estado, codigo_postal) VALUES (5, 5, 'Avenida Central No. 321', 'Querétaro', 'Querétaro', '76000');
INSERT INTO public.direcciones (id_direcciones, id_empleado, calle, ciudad, estado, codigo_postal) VALUES (6, 6, 'Calle del Bosque No. 987', 'Toluca', 'Estado de México', '50090');
INSERT INTO public.direcciones (id_direcciones, id_empleado, calle, ciudad, estado, codigo_postal) VALUES (7, 7, 'Avenida Reforma No. 654', 'Mérida', 'Yucatán', '97000');
INSERT INTO public.direcciones (id_direcciones, id_empleado, calle, ciudad, estado, codigo_postal) VALUES (8, 8, 'Calle del Río No. 321', 'Cancún', 'Quintana Roo', '77500');
INSERT INTO public.direcciones (id_direcciones, id_empleado, calle, ciudad, estado, codigo_postal) VALUES (9, 9, 'Avenida de los Pinos No. 567', 'Acapulco', 'Guerrero', '39670');
INSERT INTO public.direcciones (id_direcciones, id_empleado, calle, ciudad, estado, codigo_postal) VALUES (11, 11, 'Avenida del Sol No. 456', 'Hermosillo', 'Sonora', '83000');
INSERT INTO public.direcciones (id_direcciones, id_empleado, calle, ciudad, estado, codigo_postal) VALUES (12, 12, 'Calle Juárez No. 654', 'Morelia', 'Michoacán', '58090');
INSERT INTO public.direcciones (id_direcciones, id_empleado, calle, ciudad, estado, codigo_postal) VALUES (13, 13, 'Avenida de la Luna No. 321', 'Tijuana', 'Baja California', '22000');
INSERT INTO public.direcciones (id_direcciones, id_empleado, calle, ciudad, estado, codigo_postal) VALUES (14, 14, 'Calle Principal No. 789', 'Cuernavaca', 'Morelos', '62000');
INSERT INTO public.direcciones (id_direcciones, id_empleado, calle, ciudad, estado, codigo_postal) VALUES (15, 15, 'Avenida Central No. 456', 'San Luis Potosí', 'San Luis Potosí', '78000');
INSERT INTO public.direcciones (id_direcciones, id_empleado, calle, ciudad, estado, codigo_postal) VALUES (16, 16, 'Calle del Bosque No. 654', 'Aguascalientes', 'Aguascalientes', '20000');
INSERT INTO public.direcciones (id_direcciones, id_empleado, calle, ciudad, estado, codigo_postal) VALUES (17, 17, 'Avenida Reforma No. 321', 'Durango', 'Durango', '34000');
INSERT INTO public.direcciones (id_direcciones, id_empleado, calle, ciudad, estado, codigo_postal) VALUES (18, 18, 'Calle del Río No. 789', 'Xalapa', 'Veracruz', '91000');
INSERT INTO public.direcciones (id_direcciones, id_empleado, calle, ciudad, estado, codigo_postal) VALUES (19, 19, 'Avenida de los Pinos No. 456', 'Culiacán', 'Sinaloa', '80000');
INSERT INTO public.direcciones (id_direcciones, id_empleado, calle, ciudad, estado, codigo_postal) VALUES (20, 20, 'Calle Principal No. 987', 'Chetumal', 'Quintana Roo', '77000');
INSERT INTO public.direcciones (id_direcciones, id_empleado, calle, ciudad, estado, codigo_postal) VALUES (21, 21, 'Avenida del Sol No. 321', 'Campeche', 'Campeche', '24000');
INSERT INTO public.direcciones (id_direcciones, id_empleado, calle, ciudad, estado, codigo_postal) VALUES (22, 22, 'Calle Juárez No. 789', 'Colima', 'Colima', '28000');
INSERT INTO public.direcciones (id_direcciones, id_empleado, calle, ciudad, estado, codigo_postal) VALUES (23, 23, 'Avenida de la Playa No. 654', 'Puerto Vallarta', 'Jalisco', '48300');
INSERT INTO public.direcciones (id_direcciones, id_empleado, calle, ciudad, estado, codigo_postal) VALUES (24, 24, 'Calle del Bosque No. 321', 'Ciudad Obregón', 'Sonora', '85000');
INSERT INTO public.direcciones (id_direcciones, id_empleado, calle, ciudad, estado, codigo_postal) VALUES (25, 25, 'Avenida Reforma No. 789', 'Tuxtla Gutiérrez', 'Chiapas', '29000');
INSERT INTO public.direcciones (id_direcciones, id_empleado, calle, ciudad, estado, codigo_postal) VALUES (26, 26, 'Calle del Río No. 987', 'Oaxaca', 'Oaxaca', '68000');
INSERT INTO public.direcciones (id_direcciones, id_empleado, calle, ciudad, estado, codigo_postal) VALUES (27, 27, 'Avenida de los Pinos No. 321', 'Villahermosa', 'Tabasco', '86000');
INSERT INTO public.direcciones (id_direcciones, id_empleado, calle, ciudad, estado, codigo_postal) VALUES (28, 28, 'Calle Principal No. 789', 'Tampico', 'Tamaulipas', '89000');
INSERT INTO public.direcciones (id_direcciones, id_empleado, calle, ciudad, estado, codigo_postal) VALUES (29, 29, 'Avenida Central No. 456', 'Ciudad Victoria', 'Tamaulipas', '87000');
INSERT INTO public.direcciones (id_direcciones, id_empleado, calle, ciudad, estado, codigo_postal) VALUES (30, 30, 'Calle del Sol No. 654', 'La Paz', 'Baja California Sur', '23000');
INSERT INTO public.direcciones (id_direcciones, id_empleado, calle, ciudad, estado, codigo_postal) VALUES (31, 31, 'Avenida de la Luna No. 321', 'Chihuahua', 'Chihuahua', '31000');
INSERT INTO public.direcciones (id_direcciones, id_empleado, calle, ciudad, estado, codigo_postal) VALUES (32, 32, 'Calle Principal No. 789', 'Mexicali', 'Baja California', '21000');
INSERT INTO public.direcciones (id_direcciones, id_empleado, calle, ciudad, estado, codigo_postal) VALUES (33, 33, 'Avenida Central No. 456', 'Aguascalientes', 'Aguascalientes', '20000');
INSERT INTO public.direcciones (id_direcciones, id_empleado, calle, ciudad, estado, codigo_postal) VALUES (34, 34, 'Calle del Bosque No. 654', 'Mérida', 'Yucatán', '97000');
INSERT INTO public.direcciones (id_direcciones, id_empleado, calle, ciudad, estado, codigo_postal) VALUES (35, 35, 'Avenida Reforma No. 321', 'Cancún', 'Quintana Roo', '77500');
INSERT INTO public.direcciones (id_direcciones, id_empleado, calle, ciudad, estado, codigo_postal) VALUES (36, 36, 'Calle del Río No. 789', 'Puebla', 'Puebla', '72000');
INSERT INTO public.direcciones (id_direcciones, id_empleado, calle, ciudad, estado, codigo_postal) VALUES (37, 37, 'Avenida de los Pinos No. 456', 'Guadalajara', 'Jalisco', '44100');
INSERT INTO public.direcciones (id_direcciones, id_empleado, calle, ciudad, estado, codigo_postal) VALUES (38, 38, 'Calle Principal No. 789', 'Monterrey', 'Nuevo León', '64000');
INSERT INTO public.direcciones (id_direcciones, id_empleado, calle, ciudad, estado, codigo_postal) VALUES (39, 39, 'Avenida Central No. 321', 'Querétaro', 'Querétaro', '76000');
INSERT INTO public.direcciones (id_direcciones, id_empleado, calle, ciudad, estado, codigo_postal) VALUES (40, 40, 'Calle del Sol No. 654', 'Toluca', 'Estado de México', '50090');
INSERT INTO public.direcciones (id_direcciones, id_empleado, calle, ciudad, estado, codigo_postal) VALUES (41, 41, 'Avenida de la Luna No. 321', 'Mérida', 'Yucatán', '97000');
INSERT INTO public.direcciones (id_direcciones, id_empleado, calle, ciudad, estado, codigo_postal) VALUES (42, 42, 'Calle Principal No. 789', 'Cancún', 'Quintana Roo', '77500');
INSERT INTO public.direcciones (id_direcciones, id_empleado, calle, ciudad, estado, codigo_postal) VALUES (43, 43, 'Avenida Central No. 456', 'Puebla', 'Puebla', '72000');
INSERT INTO public.direcciones (id_direcciones, id_empleado, calle, ciudad, estado, codigo_postal) VALUES (44, 44, 'Calle del Bosque No. 654', 'Guadalajara', 'Jalisco', '44100');
INSERT INTO public.direcciones (id_direcciones, id_empleado, calle, ciudad, estado, codigo_postal) VALUES (45, 45, 'Avenida Reforma No. 321', 'Monterrey', 'Nuevo León', '64000');
INSERT INTO public.direcciones (id_direcciones, id_empleado, calle, ciudad, estado, codigo_postal) VALUES (46, 46, 'Calle del Río No. 789', 'Querétaro', 'Querétaro', '76000');
INSERT INTO public.direcciones (id_direcciones, id_empleado, calle, ciudad, estado, codigo_postal) VALUES (47, 47, 'Avenida de los Pinos No. 456', 'Toluca', 'Estado de México', '50090');
INSERT INTO public.direcciones (id_direcciones, id_empleado, calle, ciudad, estado, codigo_postal) VALUES (48, 48, 'Calle Principal No. 789', 'Mérida', 'Yucatán', '97000');
INSERT INTO public.direcciones (id_direcciones, id_empleado, calle, ciudad, estado, codigo_postal) VALUES (49, 49, 'Avenida Central No. 321', 'Cancún', 'Quintana Roo', '77500');
INSERT INTO public.direcciones (id_direcciones, id_empleado, calle, ciudad, estado, codigo_postal) VALUES (50, 50, 'Calle del Sol No. 654', 'Puebla', 'Puebla', '72000');
INSERT INTO public.direcciones (id_direcciones, id_empleado, calle, ciudad, estado, codigo_postal) VALUES (51, 51, 'Avenida de la Luna No. 321', 'Guadalajara', 'Jalisco', '44100');
INSERT INTO public.direcciones (id_direcciones, id_empleado, calle, ciudad, estado, codigo_postal) VALUES (52, 52, 'Calle Principal No. 789', 'Monterrey', 'Nuevo León', '64000');
INSERT INTO public.direcciones (id_direcciones, id_empleado, calle, ciudad, estado, codigo_postal) VALUES (53, 53, 'Avenida Central No. 456', 'Querétaro', 'Querétaro', '76000');
INSERT INTO public.direcciones (id_direcciones, id_empleado, calle, ciudad, estado, codigo_postal) VALUES (54, 54, 'Calle del Bosque No. 654', 'Toluca', 'Estado de México', '50090');
INSERT INTO public.direcciones (id_direcciones, id_empleado, calle, ciudad, estado, codigo_postal) VALUES (55, 55, 'Avenida Reforma No. 321', 'Mérida', 'Yucatán', '97000');
INSERT INTO public.direcciones (id_direcciones, id_empleado, calle, ciudad, estado, codigo_postal) VALUES (56, 56, 'Calle del Río No. 789', 'Cancún', 'Quintana Roo', '77500');
INSERT INTO public.direcciones (id_direcciones, id_empleado, calle, ciudad, estado, codigo_postal) VALUES (57, 57, 'Avenida de los Pinos No. 456', 'Puebla', 'Puebla', '72000');
INSERT INTO public.direcciones (id_direcciones, id_empleado, calle, ciudad, estado, codigo_postal) VALUES (58, 58, 'Calle Principal No. 789', 'Guadalajara', 'Jalisco', '44100');
INSERT INTO public.direcciones (id_direcciones, id_empleado, calle, ciudad, estado, codigo_postal) VALUES (59, 59, 'Avenida Central No. 321', 'Monterrey', 'Nuevo León', '64000');
INSERT INTO public.direcciones (id_direcciones, id_empleado, calle, ciudad, estado, codigo_postal) VALUES (60, 60, 'Calle del Sol No. 654', 'Querétaro', 'Querétaro', '76000');
INSERT INTO public.direcciones (id_direcciones, id_empleado, calle, ciudad, estado, codigo_postal) VALUES (61, 61, 'Avenida de la Luna No. 321', 'Toluca', 'Estado de México', '50090');
INSERT INTO public.direcciones (id_direcciones, id_empleado, calle, ciudad, estado, codigo_postal) VALUES (62, 62, 'Calle Principal No. 789', 'Mérida', 'Yucatán', '97000');
INSERT INTO public.direcciones (id_direcciones, id_empleado, calle, ciudad, estado, codigo_postal) VALUES (63, 63, 'Avenida Central No. 456', 'Cancún', 'Quintana Roo', '77500');
INSERT INTO public.direcciones (id_direcciones, id_empleado, calle, ciudad, estado, codigo_postal) VALUES (64, 64, 'Calle del Bosque No. 654', 'Puebla', 'Puebla', '72000');
INSERT INTO public.direcciones (id_direcciones, id_empleado, calle, ciudad, estado, codigo_postal) VALUES (65, 65, 'Avenida Reforma No. 321', 'Guadalajara', 'Jalisco', '44100');
INSERT INTO public.direcciones (id_direcciones, id_empleado, calle, ciudad, estado, codigo_postal) VALUES (66, 66, 'Calle del Río No. 789', 'Monterrey', 'Nuevo León', '64000');
INSERT INTO public.direcciones (id_direcciones, id_empleado, calle, ciudad, estado, codigo_postal) VALUES (67, 67, 'Avenida de los Pinos No. 456', 'Querétaro', 'Querétaro', '76000');
INSERT INTO public.direcciones (id_direcciones, id_empleado, calle, ciudad, estado, codigo_postal) VALUES (68, 68, 'Calle Principal No. 789', 'Toluca', 'Estado de México', '50090');
INSERT INTO public.direcciones (id_direcciones, id_empleado, calle, ciudad, estado, codigo_postal) VALUES (69, 69, 'Avenida Central No. 321', 'Mérida', 'Yucatán', '97000');
INSERT INTO public.direcciones (id_direcciones, id_empleado, calle, ciudad, estado, codigo_postal) VALUES (70, 70, 'Calle del Sol No. 654', 'Cancún', 'Quintana Roo', '77500');
INSERT INTO public.direcciones (id_direcciones, id_empleado, calle, ciudad, estado, codigo_postal) VALUES (71, 71, 'Avenida de la Luna No. 321', 'Puebla', 'Puebla', '72000');
INSERT INTO public.direcciones (id_direcciones, id_empleado, calle, ciudad, estado, codigo_postal) VALUES (72, 72, 'Calle Principal No. 789', 'Guadalajara', 'Jalisco', '44100');
INSERT INTO public.direcciones (id_direcciones, id_empleado, calle, ciudad, estado, codigo_postal) VALUES (73, 73, 'Avenida Central No. 456', 'Monterrey', 'Nuevo León', '64000');
INSERT INTO public.direcciones (id_direcciones, id_empleado, calle, ciudad, estado, codigo_postal) VALUES (74, 74, 'Calle del Bosque No. 654', 'Querétaro', 'Querétaro', '76000');
INSERT INTO public.direcciones (id_direcciones, id_empleado, calle, ciudad, estado, codigo_postal) VALUES (75, 75, 'Avenida Reforma No. 321', 'Toluca', 'Estado de México', '50090');
INSERT INTO public.direcciones (id_direcciones, id_empleado, calle, ciudad, estado, codigo_postal) VALUES (76, 76, 'Calle del Río No. 789', 'Mérida', 'Yucatán', '97000');
INSERT INTO public.direcciones (id_direcciones, id_empleado, calle, ciudad, estado, codigo_postal) VALUES (77, 77, 'Avenida de los Pinos No. 456', 'Cancún', 'Quintana Roo', '77500');
INSERT INTO public.direcciones (id_direcciones, id_empleado, calle, ciudad, estado, codigo_postal) VALUES (78, 78, 'Calle Principal No. 789', 'Puebla', 'Puebla', '72000');
INSERT INTO public.direcciones (id_direcciones, id_empleado, calle, ciudad, estado, codigo_postal) VALUES (79, 79, 'Avenida Central No. 321', 'Guadalajara', 'Jalisco', '44100');
INSERT INTO public.direcciones (id_direcciones, id_empleado, calle, ciudad, estado, codigo_postal) VALUES (80, 80, 'Calle del Sol No. 654', 'Monterrey', 'Nuevo León', '64000');
INSERT INTO public.direcciones (id_direcciones, id_empleado, calle, ciudad, estado, codigo_postal) VALUES (81, 81, 'Avenida de la Luna No. 321', 'Querétaro', 'Querétaro', '76000');
INSERT INTO public.direcciones (id_direcciones, id_empleado, calle, ciudad, estado, codigo_postal) VALUES (82, 82, 'Calle Principal No. 789', 'Toluca', 'Estado de México', '50090');
INSERT INTO public.direcciones (id_direcciones, id_empleado, calle, ciudad, estado, codigo_postal) VALUES (83, 83, 'Avenida Central No. 456', 'Mérida', 'Yucatán', '97000');
INSERT INTO public.direcciones (id_direcciones, id_empleado, calle, ciudad, estado, codigo_postal) VALUES (84, 84, 'Calle del Bosque No. 654', 'Cancún', 'Quintana Roo', '77500');
INSERT INTO public.direcciones (id_direcciones, id_empleado, calle, ciudad, estado, codigo_postal) VALUES (85, 85, 'Avenida Reforma No. 321', 'Puebla', 'Puebla', '72000');
INSERT INTO public.direcciones (id_direcciones, id_empleado, calle, ciudad, estado, codigo_postal) VALUES (86, 86, 'Calle del Río No. 789', 'Guadalajara', 'Jalisco', '44100');
INSERT INTO public.direcciones (id_direcciones, id_empleado, calle, ciudad, estado, codigo_postal) VALUES (87, 87, 'Avenida de los Pinos No. 456', 'Monterrey', 'Nuevo León', '64000');
INSERT INTO public.direcciones (id_direcciones, id_empleado, calle, ciudad, estado, codigo_postal) VALUES (88, 88, 'Calle Principal No. 789', 'Querétaro', 'Querétaro', '76000');
INSERT INTO public.direcciones (id_direcciones, id_empleado, calle, ciudad, estado, codigo_postal) VALUES (89, 89, 'Avenida Central No. 321', 'Mérida', 'Yucatán', '97000');
INSERT INTO public.direcciones (id_direcciones, id_empleado, calle, ciudad, estado, codigo_postal) VALUES (90, 90, 'Calle del Sol No. 654', 'Cancún', 'Quintana Roo', '77500');
INSERT INTO public.direcciones (id_direcciones, id_empleado, calle, ciudad, estado, codigo_postal) VALUES (91, 91, 'Avenida de la Luna No. 321', 'Puebla', 'Puebla', '72000');
INSERT INTO public.direcciones (id_direcciones, id_empleado, calle, ciudad, estado, codigo_postal) VALUES (92, 92, 'Calle Principal No. 789', 'Guadalajara', 'Jalisco', '44100');
INSERT INTO public.direcciones (id_direcciones, id_empleado, calle, ciudad, estado, codigo_postal) VALUES (93, 93, 'Avenida Central No. 456', 'Monterrey', 'Nuevo León', '64000');
INSERT INTO public.direcciones (id_direcciones, id_empleado, calle, ciudad, estado, codigo_postal) VALUES (94, 94, 'Calle del Bosque No. 654', 'Querétaro', 'Querétaro', '76000');
INSERT INTO public.direcciones (id_direcciones, id_empleado, calle, ciudad, estado, codigo_postal) VALUES (95, 95, 'Avenida Reforma No. 321', 'Toluca', 'Estado de México', '50090');
INSERT INTO public.direcciones (id_direcciones, id_empleado, calle, ciudad, estado, codigo_postal) VALUES (96, 96, 'Calle del Río No. 789', 'Mérida', 'Yucatán', '97000');
INSERT INTO public.direcciones (id_direcciones, id_empleado, calle, ciudad, estado, codigo_postal) VALUES (97, 97, 'Avenida de los Pinos No. 456', 'Cancún', 'Quintana Roo', '77500');
INSERT INTO public.direcciones (id_direcciones, id_empleado, calle, ciudad, estado, codigo_postal) VALUES (98, 98, 'Calle Principal No. 789', 'Puebla', 'Puebla', '72000');
INSERT INTO public.direcciones (id_direcciones, id_empleado, calle, ciudad, estado, codigo_postal) VALUES (99, 99, 'Avenida Central No. 321', 'Guadalajara', 'Jalisco', '44100');
INSERT INTO public.direcciones (id_direcciones, id_empleado, calle, ciudad, estado, codigo_postal) VALUES (100, 100, 'Calle del Sol No. 654', 'Monterrey', 'Nuevo León', '64000');


--
-- Data for Name: historial_de_empleo; Type: TABLE DATA; Schema: public;
--

INSERT INTO public.historial_de_empleo (id_historial, id_empleado, empresa, cargo, fecha_de_inicio, fecha_de_termino) VALUES (1, 1, 'Networks.sa.cv', 'Vendedor', 20101201, NULL);
INSERT INTO public.historial_de_empleo (id_historial, id_empleado, empresa, cargo, fecha_de_inicio, fecha_de_termino) VALUES (2, 2, 'Tech Solutions', 'Desarrollador', 20150115, 20170228);
INSERT INTO public.historial_de_empleo (id_historial, id_empleado, empresa, cargo, fecha_de_inicio, fecha_de_termino) VALUES (3, 3, 'Global Corp', 'Analista de Datos', 20090810, 20121130);
INSERT INTO public.historial_de_empleo (id_historial, id_empleado, empresa, cargo, fecha_de_inicio, fecha_de_termino) VALUES (4, 4, 'Innovative Systems', 'Gerente de Proyectos', 20180301, NULL);
INSERT INTO public.historial_de_empleo (id_historial, id_empleado, empresa, cargo, fecha_de_inicio, fecha_de_termino) VALUES (5, 5, 'Tech Innovators', 'Especialista en Redes', 20140110, 20191031);
INSERT INTO public.historial_de_empleo (id_historial, id_empleado, empresa, cargo, fecha_de_inicio, fecha_de_termino) VALUES (6, 6, 'Global Solutions', 'Consultor ERP', 20130620, 20140930);
INSERT INTO public.historial_de_empleo (id_historial, id_empleado, empresa, cargo, fecha_de_inicio, fecha_de_termino) VALUES (7, 7, 'Digital Services', 'Diseñador Web', 20121115, 20150228);
INSERT INTO public.historial_de_empleo (id_historial, id_empleado, empresa, cargo, fecha_de_inicio, fecha_de_termino) VALUES (8, 8, 'Data Insights', 'Analista de Negocios', 20170103, 20181231);
INSERT INTO public.historial_de_empleo (id_historial, id_empleado, empresa, cargo, fecha_de_inicio, fecha_de_termino) VALUES (9, 9, 'Smart Technologies', 'Ingeniero de Software', 20150215, 20180731);
INSERT INTO public.historial_de_empleo (id_historial, id_empleado, empresa, cargo, fecha_de_inicio, fecha_de_termino) VALUES (10, 10, 'Innovation Labs', 'Investigador de Inteligencia Artificial', 20150101, NULL);
INSERT INTO public.historial_de_empleo (id_historial, id_empleado, empresa, cargo, fecha_de_inicio, fecha_de_termino) VALUES (11, 11, 'Networks.sa.cv', 'Vendedor', 20101201, NULL);
INSERT INTO public.historial_de_empleo (id_historial, id_empleado, empresa, cargo, fecha_de_inicio, fecha_de_termino) VALUES (12, 12, 'Tech Solutions', 'Desarrollador', 20150115, 20170228);
INSERT INTO public.historial_de_empleo (id_historial, id_empleado, empresa, cargo, fecha_de_inicio, fecha_de_termino) VALUES (13, 13, 'Global Corp', 'Analista de Datos', 20090810, 20121130);
INSERT INTO public.historial_de_empleo (id_historial, id_empleado, empresa, cargo, fecha_de_inicio, fecha_de_termino) VALUES (14, 14, 'Innovative Systems', 'Gerente de Proyectos', 20180301, NULL);
INSERT INTO public.historial_de_empleo (id_historial, id_empleado, empresa, cargo, fecha_de_inicio, fecha_de_termino) VALUES (15, 15, 'Tech Innovators', 'Especialista en Redes', 20140110, 20191031);
INSERT INTO public.historial_de_empleo (id_historial, id_empleado, empresa, cargo, fecha_de_inicio, fecha_de_termino) VALUES (16, 16, 'Global Solutions', 'Consultor ERP', 20130620, 20140930);
INSERT INTO public.historial_de_empleo (id_historial, id_empleado, empresa, cargo, fecha_de_inicio, fecha_de_termino) VALUES (17, 17, 'Digital Services', 'Diseñador Web', 20121115, 20150228);
INSERT INTO public.historial_de_empleo (id_historial, id_empleado, empresa, cargo, fecha_de_inicio, fecha_de_termino) VALUES (18, 18, 'Data Insights', 'Analista de Negocios', 20170103, 20181231);
INSERT INTO public.historial_de_empleo (id_historial, id_empleado, empresa, cargo, fecha_de_inicio, fecha_de_termino) VALUES (19, 19, 'Smart Technologies', 'Ingeniero de Software', 20150215, 20180731);
INSERT INTO public.historial_de_empleo (id_historial, id_empleado, empresa, cargo, fecha_de_inicio, fecha_de_termino) VALUES (20, 20, 'Innovation Labs', 'Investigador de Inteligencia Artificial', 20150101, NULL);
INSERT INTO public.historial_de_empleo (id_historial, id_empleado, empresa, cargo, fecha_de_inicio, fecha_de_termino) VALUES (21, 21, 'Networks.sa.cv', 'Vendedor', 20101201, NULL);
INSERT INTO public.historial_de_empleo (id_historial, id_empleado, empresa, cargo, fecha_de_inicio, fecha_de_termino) VALUES (22, 22, 'Tech Solutions', 'Desarrollador', 20150115, 20170228);
INSERT INTO public.historial_de_empleo (id_historial, id_empleado, empresa, cargo, fecha_de_inicio, fecha_de_termino) VALUES (23, 23, 'Global Corp', 'Analista de Datos', 20090810, 20121130);
INSERT INTO public.historial_de_empleo (id_historial, id_empleado, empresa, cargo, fecha_de_inicio, fecha_de_termino) VALUES (24, 24, 'Innovative Systems', 'Gerente de Proyectos', 20180301, NULL);
INSERT INTO public.historial_de_empleo (id_historial, id_empleado, empresa, cargo, fecha_de_inicio, fecha_de_termino) VALUES (25, 25, 'Tech Innovators', 'Especialista en Redes', 20140110, 20191031);
INSERT INTO public.historial_de_empleo (id_historial, id_empleado, empresa, cargo, fecha_de_inicio, fecha_de_termino) VALUES (26, 26, 'Global Solutions', 'Consultor ERP', 20130620, 20140930);
INSERT INTO public.historial_de_empleo (id_historial, id_empleado, empresa, cargo, fecha_de_inicio, fecha_de_termino) VALUES (27, 27, 'Digital Services', 'Diseñador Web', 20121115, 20150228);
INSERT INTO public.historial_de_empleo (id_historial, id_empleado, empresa, cargo, fecha_de_inicio, fecha_de_termino) VALUES (28, 28, 'Data Insights', 'Analista de Negocios', 20170103, 20181231);
INSERT INTO public.historial_de_empleo (id_historial, id_empleado, empresa, cargo, fecha_de_inicio, fecha_de_termino) VALUES (29, 29, 'Smart Technologies', 'Ingeniero de Software', 20150215, 20180731);
INSERT INTO public.historial_de_empleo (id_historial, id_empleado, empresa, cargo, fecha_de_inicio, fecha_de_termino) VALUES (30, 30, 'Innovation Labs', 'Investigador de Inteligencia Artificial', 20150101, NULL);
INSERT INTO public.historial_de_empleo (id_historial, id_empleado, empresa, cargo, fecha_de_inicio, fecha_de_termino) VALUES (31, 31, 'Networks.sa.cv', 'Vendedor', 20101201, NULL);
INSERT INTO public.historial_de_empleo (id_historial, id_empleado, empresa, cargo, fecha_de_inicio, fecha_de_termino) VALUES (32, 32, 'Tech Solutions', 'Desarrollador', 20150115, 20170228);
INSERT INTO public.historial_de_empleo (id_historial, id_empleado, empresa, cargo, fecha_de_inicio, fecha_de_termino) VALUES (33, 33, 'Global Corp', 'Analista de Datos', 20090810, 20121130);
INSERT INTO public.historial_de_empleo (id_historial, id_empleado, empresa, cargo, fecha_de_inicio, fecha_de_termino) VALUES (34, 34, 'Innovative Systems', 'Gerente de Proyectos', 20180301, NULL);
INSERT INTO public.historial_de_empleo (id_historial, id_empleado, empresa, cargo, fecha_de_inicio, fecha_de_termino) VALUES (35, 35, 'Tech Innovators', 'Especialista en Redes', 20140110, 20191031);
INSERT INTO public.historial_de_empleo (id_historial, id_empleado, empresa, cargo, fecha_de_inicio, fecha_de_termino) VALUES (36, 36, 'Global Solutions', 'Consultor ERP', 20130620, 20140930);
INSERT INTO public.historial_de_empleo (id_historial, id_empleado, empresa, cargo, fecha_de_inicio, fecha_de_termino) VALUES (37, 37, 'Digital Services', 'Diseñador Web', 20121115, 20150228);
INSERT INTO public.historial_de_empleo (id_historial, id_empleado, empresa, cargo, fecha_de_inicio, fecha_de_termino) VALUES (38, 38, 'Data Insights', 'Analista de Negocios', 20170103, 20181231);
INSERT INTO public.historial_de_empleo (id_historial, id_empleado, empresa, cargo, fecha_de_inicio, fecha_de_termino) VALUES (39, 39, 'Smart Technologies', 'Ingeniero de Software', 20150215, 20180731);
INSERT INTO public.historial_de_empleo (id_historial, id_empleado, empresa, cargo, fecha_de_inicio, fecha_de_termino) VALUES (40, 40, 'Innovation Labs', 'Investigador de Inteligencia Artificial', 20150101, NULL);
INSERT INTO public.historial_de_empleo (id_historial, id_empleado, empresa, cargo, fecha_de_inicio, fecha_de_termino) VALUES (41, 41, 'Networks.sa.cv', 'Vendedor', 20101201, NULL);
INSERT INTO public.historial_de_empleo (id_historial, id_empleado, empresa, cargo, fecha_de_inicio, fecha_de_termino) VALUES (42, 42, 'Tech Solutions', 'Desarrollador', 20150115, 20170228);
INSERT INTO public.historial_de_empleo (id_historial, id_empleado, empresa, cargo, fecha_de_inicio, fecha_de_termino) VALUES (43, 43, 'Global Corp', 'Analista de Datos', 20090810, 20121130);
INSERT INTO public.historial_de_empleo (id_historial, id_empleado, empresa, cargo, fecha_de_inicio, fecha_de_termino) VALUES (44, 44, 'Innovative Systems', 'Gerente de Proyectos', 20180301, NULL);
INSERT INTO public.historial_de_empleo (id_historial, id_empleado, empresa, cargo, fecha_de_inicio, fecha_de_termino) VALUES (45, 45, 'Tech Innovators', 'Especialista en Redes', 20140110, 20191031);
INSERT INTO public.historial_de_empleo (id_historial, id_empleado, empresa, cargo, fecha_de_inicio, fecha_de_termino) VALUES (46, 46, 'Global Solutions', 'Consultor ERP', 20130620, 20140930);
INSERT INTO public.historial_de_empleo (id_historial, id_empleado, empresa, cargo, fecha_de_inicio, fecha_de_termino) VALUES (47, 47, 'Digital Services', 'Diseñador Web', 20121115, 20150228);
INSERT INTO public.historial_de_empleo (id_historial, id_empleado, empresa, cargo, fecha_de_inicio, fecha_de_termino) VALUES (48, 48, 'Data Insights', 'Analista de Negocios', 20170103, 20181231);
INSERT INTO public.historial_de_empleo (id_historial, id_empleado, empresa, cargo, fecha_de_inicio, fecha_de_termino) VALUES (49, 49, 'Smart Technologies', 'Ingeniero de Software', 20150215, 20180731);
INSERT INTO public.historial_de_empleo (id_historial, id_empleado, empresa, cargo, fecha_de_inicio, fecha_de_termino) VALUES (50, 50, 'Innovation Labs', 'Investigador de Inteligencia Artificial', 20150101, NULL);
INSERT INTO public.historial_de_empleo (id_historial, id_empleado, empresa, cargo, fecha_de_inicio, fecha_de_termino) VALUES (51, 51, 'Networks.sa.cv', 'Vendedor', 20101201, NULL);
INSERT INTO public.historial_de_empleo (id_historial, id_empleado, empresa, cargo, fecha_de_inicio, fecha_de_termino) VALUES (52, 52, 'Tech Solutions', 'Desarrollador', 20150115, 20170228);
INSERT INTO public.historial_de_empleo (id_historial, id_empleado, empresa, cargo, fecha_de_inicio, fecha_de_termino) VALUES (53, 53, 'Global Corp', 'Analista de Datos', 20090810, 20121130);
INSERT INTO public.historial_de_empleo (id_historial, id_empleado, empresa, cargo, fecha_de_inicio, fecha_de_termino) VALUES (54, 54, 'Innovative Systems', 'Gerente de Proyectos', 20180301, NULL);
INSERT INTO public.historial_de_empleo (id_historial, id_empleado, empresa, cargo, fecha_de_inicio, fecha_de_termino) VALUES (55, 55, 'Tech Innovators', 'Especialista en Redes', 20140110, 20191031);
INSERT INTO public.historial_de_empleo (id_historial, id_empleado, empresa, cargo, fecha_de_inicio, fecha_de_termino) VALUES (56, 56, 'Global Solutions', 'Consultor ERP', 20130620, 20140930);
INSERT INTO public.historial_de_empleo (id_historial, id_empleado, empresa, cargo, fecha_de_inicio, fecha_de_termino) VALUES (57, 57, 'Digital Services', 'Diseñador Web', 20121115, 20150228);
INSERT INTO public.historial_de_empleo (id_historial, id_empleado, empresa, cargo, fecha_de_inicio, fecha_de_termino) VALUES (58, 58, 'Data Insights', 'Analista de Negocios', 20170103, 20181231);
INSERT INTO public.historial_de_empleo (id_historial, id_empleado, empresa, cargo, fecha_de_inicio, fecha_de_termino) VALUES (59, 59, 'Smart Technologies', 'Ingeniero de Software', 20150215, 20180731);
INSERT INTO public.historial_de_empleo (id_historial, id_empleado, empresa, cargo, fecha_de_inicio, fecha_de_termino) VALUES (60, 60, 'Innovation Labs', 'Investigador de Inteligencia Artificial', 20150101, NULL);
INSERT INTO public.historial_de_empleo (id_historial, id_empleado, empresa, cargo, fecha_de_inicio, fecha_de_termino) VALUES (61, 61, 'Networks.sa.cv', 'Vendedor', 20101201, NULL);
INSERT INTO public.historial_de_empleo (id_historial, id_empleado, empresa, cargo, fecha_de_inicio, fecha_de_termino) VALUES (62, 62, 'Tech Solutions', 'Desarrollador', 20150115, 20170228);
INSERT INTO public.historial_de_empleo (id_historial, id_empleado, empresa, cargo, fecha_de_inicio, fecha_de_termino) VALUES (63, 63, 'Global Corp', 'Analista de Datos', 20090810, 20121130);
INSERT INTO public.historial_de_empleo (id_historial, id_empleado, empresa, cargo, fecha_de_inicio, fecha_de_termino) VALUES (64, 64, 'Innovative Systems', 'Gerente de Proyectos', 20180301, NULL);
INSERT INTO public.historial_de_empleo (id_historial, id_empleado, empresa, cargo, fecha_de_inicio, fecha_de_termino) VALUES (65, 65, 'Tech Innovators', 'Especialista en Redes', 20140110, 20191031);
INSERT INTO public.historial_de_empleo (id_historial, id_empleado, empresa, cargo, fecha_de_inicio, fecha_de_termino) VALUES (66, 66, 'Global Solutions', 'Consultor ERP', 20130620, 20140930);
INSERT INTO public.historial_de_empleo (id_historial, id_empleado, empresa, cargo, fecha_de_inicio, fecha_de_termino) VALUES (67, 67, 'Digital Services', 'Diseñador Web', 20121115, 20150228);
INSERT INTO public.historial_de_empleo (id_historial, id_empleado, empresa, cargo, fecha_de_inicio, fecha_de_termino) VALUES (68, 68, 'Data Insights', 'Analista de Negocios', 20170103, 20181231);
INSERT INTO public.historial_de_empleo (id_historial, id_empleado, empresa, cargo, fecha_de_inicio, fecha_de_termino) VALUES (69, 69, 'Smart Technologies', 'Ingeniero de Software', 20150215, 20180731);
INSERT INTO public.historial_de_empleo (id_historial, id_empleado, empresa, cargo, fecha_de_inicio, fecha_de_termino) VALUES (70, 70, 'Innovation Labs', 'Investigador de Inteligencia Artificial', 20150101, NULL);
INSERT INTO public.historial_de_empleo (id_historial, id_empleado, empresa, cargo, fecha_de_inicio, fecha_de_termino) VALUES (71, 71, 'Networks.sa.cv', 'Vendedor', 20101201, NULL);
INSERT INTO public.historial_de_empleo (id_historial, id_empleado, empresa, cargo, fecha_de_inicio, fecha_de_termino) VALUES (72, 72, 'Tech Solutions', 'Desarrollador', 20150115, 20170228);
INSERT INTO public.historial_de_empleo (id_historial, id_empleado, empresa, cargo, fecha_de_inicio, fecha_de_termino) VALUES (73, 73, 'Global Corp', 'Analista de Datos', 20090810, 20121130);
INSERT INTO public.historial_de_empleo (id_historial, id_empleado, empresa, cargo, fecha_de_inicio, fecha_de_termino) VALUES (74, 74, 'Innovative Systems', 'Gerente de Proyectos', 20180301, NULL);
INSERT INTO public.historial_de_empleo (id_historial, id_empleado, empresa, cargo, fecha_de_inicio, fecha_de_termino) VALUES (75, 75, 'Tech Innovators', 'Especialista en Redes', 20140110, 20191031);
INSERT INTO public.historial_de_empleo (id_historial, id_empleado, empresa, cargo, fecha_de_inicio, fecha_de_termino) VALUES (76, 76, 'Global Solutions', 'Consultor ERP', 20130620, 20140930);
INSERT INTO public.historial_de_empleo (id_historial, id_empleado, empresa, cargo, fecha_de_inicio, fecha_de_termino) VALUES (77, 77, 'Digital Services', 'Diseñador Web', 20121115, 20150228);
INSERT INTO public.historial_de_empleo (id_historial, id_empleado, empresa, cargo, fecha_de_inicio, fecha_de_termino) VALUES (78, 78, 'Data Insights', 'Analista de Negocios', 20170103, 20181231);
INSERT INTO public.historial_de_empleo (id_historial, id_empleado, empresa, cargo, fecha_de_inicio, fecha_de_termino) VALUES (79, 79, 'Smart Technologies', 'Ingeniero de Software', 20150215, 20180731);
INSERT INTO public.historial_de_empleo (id_historial, id_empleado, empresa, cargo, fecha_de_inicio, fecha_de_termino) VALUES (80, 80, 'Innovation Labs', 'Investigador de Inteligencia Artificial', 20150101, NULL);
INSERT INTO public.historial_de_empleo (id_historial, id_empleado, empresa, cargo, fecha_de_inicio, fecha_de_termino) VALUES (81, 81, 'Networks.sa.cv', 'Vendedor', 20101201, NULL);
INSERT INTO public.historial_de_empleo (id_historial, id_empleado, empresa, cargo, fecha_de_inicio, fecha_de_termino) VALUES (82, 82, 'Tech Solutions', 'Desarrollador', 20150115, 20170228);
INSERT INTO public.historial_de_empleo (id_historial, id_empleado, empresa, cargo, fecha_de_inicio, fecha_de_termino) VALUES (83, 83, 'Global Corp', 'Analista de Datos', 20090810, 20121130);
INSERT INTO public.historial_de_empleo (id_historial, id_empleado, empresa, cargo, fecha_de_inicio, fecha_de_termino) VALUES (84, 84, 'Innovative Systems', 'Gerente de Proyectos', 20180301, NULL);
INSERT INTO public.historial_de_empleo (id_historial, id_empleado, empresa, cargo, fecha_de_inicio, fecha_de_termino) VALUES (85, 85, 'Tech Innovators', 'Especialista en Redes', 20140110, 20191031);
INSERT INTO public.historial_de_empleo (id_historial, id_empleado, empresa, cargo, fecha_de_inicio, fecha_de_termino) VALUES (86, 86, 'Global Solutions', 'Consultor ERP', 20130620, 20140930);
INSERT INTO public.historial_de_empleo (id_historial, id_empleado, empresa, cargo, fecha_de_inicio, fecha_de_termino) VALUES (87, 87, 'Digital Services', 'Diseñador Web', 20121115, 20150228);
INSERT INTO public.historial_de_empleo (id_historial, id_empleado, empresa, cargo, fecha_de_inicio, fecha_de_termino) VALUES (88, 88, 'Data Insights', 'Analista de Negocios', 20170103, 20181231);
INSERT INTO public.historial_de_empleo (id_historial, id_empleado, empresa, cargo, fecha_de_inicio, fecha_de_termino) VALUES (89, 89, 'Smart Technologies', 'Ingeniero de Software', 20150215, 20180731);
INSERT INTO public.historial_de_empleo (id_historial, id_empleado, empresa, cargo, fecha_de_inicio, fecha_de_termino) VALUES (90, 90, 'Innovation Labs', 'Investigador de Inteligencia Artificial', 20150101, NULL);
INSERT INTO public.historial_de_empleo (id_historial, id_empleado, empresa, cargo, fecha_de_inicio, fecha_de_termino) VALUES (91, 91, 'Networks.sa.cv', 'Vendedor', 20101201, NULL);
INSERT INTO public.historial_de_empleo (id_historial, id_empleado, empresa, cargo, fecha_de_inicio, fecha_de_termino) VALUES (92, 92, 'Tech Solutions', 'Desarrollador', 20150115, 20170228);
INSERT INTO public.historial_de_empleo (id_historial, id_empleado, empresa, cargo, fecha_de_inicio, fecha_de_termino) VALUES (93, 93, 'Global Corp', 'Analista de Datos', 20090810, 20121130);
INSERT INTO public.historial_de_empleo (id_historial, id_empleado, empresa, cargo, fecha_de_inicio, fecha_de_termino) VALUES (94, 94, 'Innovative Systems', 'Gerente de Proyectos', 20180301, NULL);
INSERT INTO public.historial_de_empleo (id_historial, id_empleado, empresa, cargo, fecha_de_inicio, fecha_de_termino) VALUES (95, 95, 'Tech Innovators', 'Especialista en Redes', 20140110, 20191031);
INSERT INTO public.historial_de_empleo (id_historial, id_empleado, empresa, cargo, fecha_de_inicio, fecha_de_termino) VALUES (96, 96, 'Global Solutions', 'Consultor ERP', 20130620, 20140930);
INSERT INTO public.historial_de_empleo (id_historial, id_empleado, empresa, cargo, fecha_de_inicio, fecha_de_termino) VALUES (97, 97, 'Digital Services', 'Diseñador Web', 20121115, 20150228);
INSERT INTO public.historial_de_empleo (id_historial, id_empleado, empresa, cargo, fecha_de_inicio, fecha_de_termino) VALUES (98, 98, 'Data Insights', 'Analista de Negocios', 20170103, 20181231);
INSERT INTO public.historial_de_empleo (id_historial, id_empleado, empresa, cargo, fecha_de_inicio, fecha_de_termino) VALUES (99, 99, 'Smart Technologies', 'Ingeniero de Software', 20150215, 20180731);
INSERT INTO public.historial_de_empleo (id_historial, id_empleado, empresa, cargo, fecha_de_inicio, fecha_de_termino) VALUES (100, 100, 'Innovation Labs', 'Investigador de Inteligencia Artificial', 20150101, NULL);


--
-- Data for Name: salarios; Type: TABLE DATA; Schema: public; 
--

INSERT INTO public.salarios (id_salarios, id_empleado, salario, fecha_de_inicio, fecha_de_termino) VALUES (1, 1, 15000, 20040620, NULL);
INSERT INTO public.salarios (id_salarios, id_empleado, salario, fecha_de_inicio, fecha_de_termino) VALUES (2, 2, 18000, 20100115, 20131231);
INSERT INTO public.salarios (id_salarios, id_empleado, salario, fecha_de_inicio, fecha_de_termino) VALUES (3, 3, 20000, 20080110, 20121130);
INSERT INTO public.salarios (id_salarios, id_empleado, salario, fecha_de_inicio, fecha_de_termino) VALUES (4, 4, 25000, 20150101, NULL);
INSERT INTO public.salarios (id_salarios, id_empleado, salario, fecha_de_inicio, fecha_de_termino) VALUES (5, 5, 22000, 20120120, 20170630);
INSERT INTO public.salarios (id_salarios, id_empleado, salario, fecha_de_inicio, fecha_de_termino) VALUES (6, 6, 19000, 20100615, 20111231);
INSERT INTO public.salarios (id_salarios, id_empleado, salario, fecha_de_inicio, fecha_de_termino) VALUES (7, 7, 21000, 20140101, NULL);
INSERT INTO public.salarios (id_salarios, id_empleado, salario, fecha_de_inicio, fecha_de_termino) VALUES (8, 8, 24000, 20130510, 20171231);
INSERT INTO public.salarios (id_salarios, id_empleado, salario, fecha_de_inicio, fecha_de_termino) VALUES (9, 9, 23000, 20110105, 20140331);
INSERT INTO public.salarios (id_salarios, id_empleado, salario, fecha_de_inicio, fecha_de_termino) VALUES (10, 10, 26000, 20170101, NULL);
INSERT INTO public.salarios (id_salarios, id_empleado, salario, fecha_de_inicio, fecha_de_termino) VALUES (11, 11, 15000, 20040620, NULL);
INSERT INTO public.salarios (id_salarios, id_empleado, salario, fecha_de_inicio, fecha_de_termino) VALUES (12, 12, 18000, 20100115, 20131231);
INSERT INTO public.salarios (id_salarios, id_empleado, salario, fecha_de_inicio, fecha_de_termino) VALUES (13, 13, 20000, 20080110, 20121130);
INSERT INTO public.salarios (id_salarios, id_empleado, salario, fecha_de_inicio, fecha_de_termino) VALUES (14, 14, 25000, 20150101, NULL);
INSERT INTO public.salarios (id_salarios, id_empleado, salario, fecha_de_inicio, fecha_de_termino) VALUES (15, 15, 22000, 20120120, 20170630);
INSERT INTO public.salarios (id_salarios, id_empleado, salario, fecha_de_inicio, fecha_de_termino) VALUES (16, 16, 19000, 20100615, 20111231);
INSERT INTO public.salarios (id_salarios, id_empleado, salario, fecha_de_inicio, fecha_de_termino) VALUES (17, 17, 21000, 20140101, NULL);
INSERT INTO public.salarios (id_salarios, id_empleado, salario, fecha_de_inicio, fecha_de_termino) VALUES (18, 18, 24000, 20130510, 20171231);
INSERT INTO public.salarios (id_salarios, id_empleado, salario, fecha_de_inicio, fecha_de_termino) VALUES (19, 19, 23000, 20110105, 20140331);
INSERT INTO public.salarios (id_salarios, id_empleado, salario, fecha_de_inicio, fecha_de_termino) VALUES (21, 21, 15000, 20040620, NULL);
INSERT INTO public.salarios (id_salarios, id_empleado, salario, fecha_de_inicio, fecha_de_termino) VALUES (22, 22, 18000, 20100115, 20131231);
INSERT INTO public.salarios (id_salarios, id_empleado, salario, fecha_de_inicio, fecha_de_termino) VALUES (23, 23, 20000, 20080110, 20121130);
INSERT INTO public.salarios (id_salarios, id_empleado, salario, fecha_de_inicio, fecha_de_termino) VALUES (24, 24, 25000, 20150101, NULL);
INSERT INTO public.salarios (id_salarios, id_empleado, salario, fecha_de_inicio, fecha_de_termino) VALUES (25, 25, 22000, 20120120, 20170630);
INSERT INTO public.salarios (id_salarios, id_empleado, salario, fecha_de_inicio, fecha_de_termino) VALUES (26, 26, 19000, 20100615, 20111231);
INSERT INTO public.salarios (id_salarios, id_empleado, salario, fecha_de_inicio, fecha_de_termino) VALUES (27, 27, 21000, 20140101, NULL);
INSERT INTO public.salarios (id_salarios, id_empleado, salario, fecha_de_inicio, fecha_de_termino) VALUES (28, 28, 24000, 20130510, 20171231);
INSERT INTO public.salarios (id_salarios, id_empleado, salario, fecha_de_inicio, fecha_de_termino) VALUES (29, 29, 23000, 20110105, 20140331);
INSERT INTO public.salarios (id_salarios, id_empleado, salario, fecha_de_inicio, fecha_de_termino) VALUES (30, 30, 26000, 20170101, NULL);
INSERT INTO public.salarios (id_salarios, id_empleado, salario, fecha_de_inicio, fecha_de_termino) VALUES (31, 31, 15000, 20040620, NULL);
INSERT INTO public.salarios (id_salarios, id_empleado, salario, fecha_de_inicio, fecha_de_termino) VALUES (32, 32, 18000, 20100115, 20131231);
INSERT INTO public.salarios (id_salarios, id_empleado, salario, fecha_de_inicio, fecha_de_termino) VALUES (33, 33, 20000, 20080110, 20121130);
INSERT INTO public.salarios (id_salarios, id_empleado, salario, fecha_de_inicio, fecha_de_termino) VALUES (34, 34, 25000, 20150101, NULL);
INSERT INTO public.salarios (id_salarios, id_empleado, salario, fecha_de_inicio, fecha_de_termino) VALUES (35, 35, 22000, 20120120, 20170630);
INSERT INTO public.salarios (id_salarios, id_empleado, salario, fecha_de_inicio, fecha_de_termino) VALUES (36, 36, 19000, 20100615, 20111231);
INSERT INTO public.salarios (id_salarios, id_empleado, salario, fecha_de_inicio, fecha_de_termino) VALUES (37, 37, 23000, 20140101, NULL);
INSERT INTO public.salarios (id_salarios, id_empleado, salario, fecha_de_inicio, fecha_de_termino) VALUES (38, 38, 25000, 20130510, 20171231);
INSERT INTO public.salarios (id_salarios, id_empleado, salario, fecha_de_inicio, fecha_de_termino) VALUES (39, 39, 22000, 20110105, 20140331);
INSERT INTO public.salarios (id_salarios, id_empleado, salario, fecha_de_inicio, fecha_de_termino) VALUES (40, 40, 26000, 20170101, NULL);
INSERT INTO public.salarios (id_salarios, id_empleado, salario, fecha_de_inicio, fecha_de_termino) VALUES (41, 41, 18000, 20040620, NULL);
INSERT INTO public.salarios (id_salarios, id_empleado, salario, fecha_de_inicio, fecha_de_termino) VALUES (42, 42, 21000, 20100115, 20131231);
INSERT INTO public.salarios (id_salarios, id_empleado, salario, fecha_de_inicio, fecha_de_termino) VALUES (43, 43, 20000, 20080110, 20121130);
INSERT INTO public.salarios (id_salarios, id_empleado, salario, fecha_de_inicio, fecha_de_termino) VALUES (44, 44, 24000, 20150101, NULL);
INSERT INTO public.salarios (id_salarios, id_empleado, salario, fecha_de_inicio, fecha_de_termino) VALUES (45, 45, 19000, 20120120, 20170630);
INSERT INTO public.salarios (id_salarios, id_empleado, salario, fecha_de_inicio, fecha_de_termino) VALUES (46, 46, 23000, 20100615, 20111231);
INSERT INTO public.salarios (id_salarios, id_empleado, salario, fecha_de_inicio, fecha_de_termino) VALUES (47, 47, 26000, 20140101, NULL);
INSERT INTO public.salarios (id_salarios, id_empleado, salario, fecha_de_inicio, fecha_de_termino) VALUES (48, 48, 25000, 20130510, 20171231);
INSERT INTO public.salarios (id_salarios, id_empleado, salario, fecha_de_inicio, fecha_de_termino) VALUES (49, 49, 22000, 20110105, 20140331);
INSERT INTO public.salarios (id_salarios, id_empleado, salario, fecha_de_inicio, fecha_de_termino) VALUES (50, 50, 18000, 20170101, NULL);
INSERT INTO public.salarios (id_salarios, id_empleado, salario, fecha_de_inicio, fecha_de_termino) VALUES (51, 51, 19000, 20040620, NULL);
INSERT INTO public.salarios (id_salarios, id_empleado, salario, fecha_de_inicio, fecha_de_termino) VALUES (52, 52, 21000, 20100115, 20131231);
INSERT INTO public.salarios (id_salarios, id_empleado, salario, fecha_de_inicio, fecha_de_termino) VALUES (53, 53, 20000, 20080110, 20121130);
INSERT INTO public.salarios (id_salarios, id_empleado, salario, fecha_de_inicio, fecha_de_termino) VALUES (54, 54, 24000, 20150101, NULL);
INSERT INTO public.salarios (id_salarios, id_empleado, salario, fecha_de_inicio, fecha_de_termino) VALUES (55, 55, 23000, 20120120, 20170630);
INSERT INTO public.salarios (id_salarios, id_empleado, salario, fecha_de_inicio, fecha_de_termino) VALUES (56, 56, 26000, 20100615, 20111231);
INSERT INTO public.salarios (id_salarios, id_empleado, salario, fecha_de_inicio, fecha_de_termino) VALUES (57, 57, 25000, 20140101, NULL);
INSERT INTO public.salarios (id_salarios, id_empleado, salario, fecha_de_inicio, fecha_de_termino) VALUES (58, 58, 22000, 20130510, 20171231);
INSERT INTO public.salarios (id_salarios, id_empleado, salario, fecha_de_inicio, fecha_de_termino) VALUES (59, 59, 18000, 20110105, 20140331);
INSERT INTO public.salarios (id_salarios, id_empleado, salario, fecha_de_inicio, fecha_de_termino) VALUES (60, 60, 19000, 20170101, NULL);
INSERT INTO public.salarios (id_salarios, id_empleado, salario, fecha_de_inicio, fecha_de_termino) VALUES (61, 61, 21000, 20040620, NULL);
INSERT INTO public.salarios (id_salarios, id_empleado, salario, fecha_de_inicio, fecha_de_termino) VALUES (62, 62, 20000, 20100115, 20131231);
INSERT INTO public.salarios (id_salarios, id_empleado, salario, fecha_de_inicio, fecha_de_termino) VALUES (63, 63, 24000, 20080110, 20121130);
INSERT INTO public.salarios (id_salarios, id_empleado, salario, fecha_de_inicio, fecha_de_termino) VALUES (64, 64, 23000, 20150101, NULL);
INSERT INTO public.salarios (id_salarios, id_empleado, salario, fecha_de_inicio, fecha_de_termino) VALUES (65, 65, 26000, 20120120, 20170630);
INSERT INTO public.salarios (id_salarios, id_empleado, salario, fecha_de_inicio, fecha_de_termino) VALUES (66, 66, 25000, 20100615, 20111231);
INSERT INTO public.salarios (id_salarios, id_empleado, salario, fecha_de_inicio, fecha_de_termino) VALUES (67, 67, 22000, 20140101, NULL);
INSERT INTO public.salarios (id_salarios, id_empleado, salario, fecha_de_inicio, fecha_de_termino) VALUES (68, 68, 18000, 20130510, 20171231);
INSERT INTO public.salarios (id_salarios, id_empleado, salario, fecha_de_inicio, fecha_de_termino) VALUES (69, 69, 19000, 20110105, 20140331);
INSERT INTO public.salarios (id_salarios, id_empleado, salario, fecha_de_inicio, fecha_de_termino) VALUES (70, 70, 21000, 20170101, NULL);
INSERT INTO public.salarios (id_salarios, id_empleado, salario, fecha_de_inicio, fecha_de_termino) VALUES (71, 71, 20000, 20040620, NULL);
INSERT INTO public.salarios (id_salarios, id_empleado, salario, fecha_de_inicio, fecha_de_termino) VALUES (72, 72, 20500, 20040622, NULL);
INSERT INTO public.salarios (id_salarios, id_empleado, salario, fecha_de_inicio, fecha_de_termino) VALUES (73, 73, 23000, 20080110, 20121130);
INSERT INTO public.salarios (id_salarios, id_empleado, salario, fecha_de_inicio, fecha_de_termino) VALUES (74, 74, 26000, 20150101, NULL);
INSERT INTO public.salarios (id_salarios, id_empleado, salario, fecha_de_inicio, fecha_de_termino) VALUES (75, 75, 25000, 20120120, 20170630);
INSERT INTO public.salarios (id_salarios, id_empleado, salario, fecha_de_inicio, fecha_de_termino) VALUES (76, 76, 22000, 20100615, 20111231);
INSERT INTO public.salarios (id_salarios, id_empleado, salario, fecha_de_inicio, fecha_de_termino) VALUES (77, 77, 18000, 20140101, NULL);
INSERT INTO public.salarios (id_salarios, id_empleado, salario, fecha_de_inicio, fecha_de_termino) VALUES (78, 78, 19000, 20130510, 20171231);
INSERT INTO public.salarios (id_salarios, id_empleado, salario, fecha_de_inicio, fecha_de_termino) VALUES (79, 79, 21000, 20110105, 20140331);
INSERT INTO public.salarios (id_salarios, id_empleado, salario, fecha_de_inicio, fecha_de_termino) VALUES (80, 80, 20000, 20170101, NULL);
INSERT INTO public.salarios (id_salarios, id_empleado, salario, fecha_de_inicio, fecha_de_termino) VALUES (81, 81, 24000, 20040620, NULL);
INSERT INTO public.salarios (id_salarios, id_empleado, salario, fecha_de_inicio, fecha_de_termino) VALUES (82, 82, 23000, 20100115, 20131231);
INSERT INTO public.salarios (id_salarios, id_empleado, salario, fecha_de_inicio, fecha_de_termino) VALUES (83, 83, 26000, 20080110, 20121130);
INSERT INTO public.salarios (id_salarios, id_empleado, salario, fecha_de_inicio, fecha_de_termino) VALUES (84, 84, 25000, 20150101, NULL);
INSERT INTO public.salarios (id_salarios, id_empleado, salario, fecha_de_inicio, fecha_de_termino) VALUES (85, 85, 22000, 20120120, 20170630);
INSERT INTO public.salarios (id_salarios, id_empleado, salario, fecha_de_inicio, fecha_de_termino) VALUES (86, 86, 18000, 20100615, 20111231);
INSERT INTO public.salarios (id_salarios, id_empleado, salario, fecha_de_inicio, fecha_de_termino) VALUES (87, 87, 19000, 20140101, NULL);
INSERT INTO public.salarios (id_salarios, id_empleado, salario, fecha_de_inicio, fecha_de_termino) VALUES (88, 88, 21000, 20130510, 20171231);
INSERT INTO public.salarios (id_salarios, id_empleado, salario, fecha_de_inicio, fecha_de_termino) VALUES (89, 89, 20000, 20110105, 20140331);
INSERT INTO public.salarios (id_salarios, id_empleado, salario, fecha_de_inicio, fecha_de_termino) VALUES (90, 90, 24000, 20170101, NULL);
INSERT INTO public.salarios (id_salarios, id_empleado, salario, fecha_de_inicio, fecha_de_termino) VALUES (91, 91, 23000, 20040620, NULL);
INSERT INTO public.salarios (id_salarios, id_empleado, salario, fecha_de_inicio, fecha_de_termino) VALUES (92, 92, 26000, 20100115, 20131231);
INSERT INTO public.salarios (id_salarios, id_empleado, salario, fecha_de_inicio, fecha_de_termino) VALUES (93, 93, 25000, 20080110, 20121130);
INSERT INTO public.salarios (id_salarios, id_empleado, salario, fecha_de_inicio, fecha_de_termino) VALUES (94, 94, 22000, 20150101, NULL);
INSERT INTO public.salarios (id_salarios, id_empleado, salario, fecha_de_inicio, fecha_de_termino) VALUES (95, 95, 18000, 20120120, 20170630);
INSERT INTO public.salarios (id_salarios, id_empleado, salario, fecha_de_inicio, fecha_de_termino) VALUES (96, 96, 19000, 20100615, 20111231);
INSERT INTO public.salarios (id_salarios, id_empleado, salario, fecha_de_inicio, fecha_de_termino) VALUES (97, 97, 21000, 20140101, NULL);
INSERT INTO public.salarios (id_salarios, id_empleado, salario, fecha_de_inicio, fecha_de_termino) VALUES (98, 98, 20000, 20130510, 20171231);
INSERT INTO public.salarios (id_salarios, id_empleado, salario, fecha_de_inicio, fecha_de_termino) VALUES (99, 99, 24000, 20110105, 20140331);
INSERT INTO public.salarios (id_salarios, id_empleado, salario, fecha_de_inicio, fecha_de_termino) VALUES (100, 100, 23000, 20170101, NULL);
INSERT INTO public.salarios (id_salarios, id_empleado, salario, fecha_de_inicio, fecha_de_termino) VALUES (103, 103, 5000, 20220515, NULL);
INSERT INTO public.salarios (id_salarios, id_empleado, salario, fecha_de_inicio, fecha_de_termino) VALUES (104, 104, 5000, 20220515, 20350102);


--
-- Data for Name: supervisor; Type: TABLE DATA; Schema: public; 
--

INSERT INTO public.supervisor (id_supervisor, nombre, descripcion, id_empleado) VALUES (1, 'Kirito', 'Encargado del area de ventas', 1);
INSERT INTO public.supervisor (id_supervisor, nombre, descripcion, id_empleado) VALUES (2, 'Asuna', 'Encargada del departamento de marketing', 2);
INSERT INTO public.supervisor (id_supervisor, nombre, descripcion, id_empleado) VALUES (3, 'Eren', 'Supervisor de producción', 3);
INSERT INTO public.supervisor (id_supervisor, nombre, descripcion, id_empleado) VALUES (4, 'Mikasa', 'Encargada de logística', 4);
INSERT INTO public.supervisor (id_supervisor, nombre, descripcion, id_empleado) VALUES (5, 'Levi', 'Supervisor de calidad', 5);
INSERT INTO public.supervisor (id_supervisor, nombre, descripcion, id_empleado) VALUES (6, 'Emma', 'Encargada de recursos humanos', 6);
INSERT INTO public.supervisor (id_supervisor, nombre, descripcion, id_empleado) VALUES (7, 'Norman', 'Supervisor de investigación y desarrollo', 7);
INSERT INTO public.supervisor (id_supervisor, nombre, descripcion, id_empleado) VALUES (8, 'Ray', 'Encargado del departamento financiero', 8);
INSERT INTO public.supervisor (id_supervisor, nombre, descripcion, id_empleado) VALUES (9, 'Natasha', 'Supervisora de atención al cliente', 9);
INSERT INTO public.supervisor (id_supervisor, nombre, descripcion, id_empleado) VALUES (10, 'Bruce', 'Encargado de operaciones', 10);
INSERT INTO public.supervisor (id_supervisor, nombre, descripcion, id_empleado) VALUES (11, 'Tony', 'Supervisor de ingeniería', 11);
INSERT INTO public.supervisor (id_supervisor, nombre, descripcion, id_empleado) VALUES (12, 'Peter', 'Encargado del departamento de ventas', 12);
INSERT INTO public.supervisor (id_supervisor, nombre, descripcion, id_empleado) VALUES (13, 'Steve', 'Supervisor de compras', 13);
INSERT INTO public.supervisor (id_supervisor, nombre, descripcion, id_empleado) VALUES (14, 'Diana', 'Encargada de relaciones públicas', 14);
INSERT INTO public.supervisor (id_supervisor, nombre, descripcion, id_empleado) VALUES (15, 'Clark', 'Supervisor de distribución', 15);
INSERT INTO public.supervisor (id_supervisor, nombre, descripcion, id_empleado) VALUES (16, 'Barry', 'Encargado de control de inventario', 16);
INSERT INTO public.supervisor (id_supervisor, nombre, descripcion, id_empleado) VALUES (17, 'Selina', 'Supervisora de marketing digital', 17);
INSERT INTO public.supervisor (id_supervisor, nombre, descripcion, id_empleado) VALUES (18, 'Arthur', 'Encargado de gestión de proyectos', 18);
INSERT INTO public.supervisor (id_supervisor, nombre, descripcion, id_empleado) VALUES (19, 'Oliver', 'Supervisor de operaciones', 19);
INSERT INTO public.supervisor (id_supervisor, nombre, descripcion, id_empleado) VALUES (20, 'Diana', 'Encargada del departamento de recursos humanos', 20);
INSERT INTO public.supervisor (id_supervisor, nombre, descripcion, id_empleado) VALUES (21, 'Wade', 'Supervisor de logística', 21);
INSERT INTO public.supervisor (id_supervisor, nombre, descripcion, id_empleado) VALUES (22, 'Victor', 'Encargado de control de calidad', 22);
INSERT INTO public.supervisor (id_supervisor, nombre, descripcion, id_empleado) VALUES (23, 'Clark', 'Supervisor de finanzas', 23);
INSERT INTO public.supervisor (id_supervisor, nombre, descripcion, id_empleado) VALUES (24, 'Peter', 'Encargado de atención al cliente', 24);
INSERT INTO public.supervisor (id_supervisor, nombre, descripcion, id_empleado) VALUES (25, 'Bruce', 'Supervisor de producción', 25);
INSERT INTO public.supervisor (id_supervisor, nombre, descripcion, id_empleado) VALUES (26, 'Tony', 'Encargado de investigación y desarrollo', 26);
INSERT INTO public.supervisor (id_supervisor, nombre, descripcion, id_empleado) VALUES (27, 'Natasha', 'Supervisora de marketing', 27);
INSERT INTO public.supervisor (id_supervisor, nombre, descripcion, id_empleado) VALUES (28, 'Steve', 'Encargado de recursos humanos', 28);
INSERT INTO public.supervisor (id_supervisor, nombre, descripcion, id_empleado) VALUES (29, 'Diana', 'Supervisora de ventas', 29);
INSERT INTO public.supervisor (id_supervisor, nombre, descripcion, id_empleado) VALUES (30, 'Barry', 'Encargado de compras', 30);
INSERT INTO public.supervisor (id_supervisor, nombre, descripcion, id_empleado) VALUES (31, 'Arthur', 'Supervisor de relaciones públicas', 31);
INSERT INTO public.supervisor (id_supervisor, nombre, descripcion, id_empleado) VALUES (32, 'Oliver', 'Encargado de distribución', 32);
INSERT INTO public.supervisor (id_supervisor, nombre, descripcion, id_empleado) VALUES (33, 'Selina', 'Supervisora de control de inventario', 33);
INSERT INTO public.supervisor (id_supervisor, nombre, descripcion, id_empleado) VALUES (34, 'Wade', 'Encargado de marketing digital', 34);
INSERT INTO public.supervisor (id_supervisor, nombre, descripcion, id_empleado) VALUES (35, 'Victor', 'Supervisor de gestión de proyectos', 35);
INSERT INTO public.supervisor (id_supervisor, nombre, descripcion, id_empleado) VALUES (36, 'Clark', 'Encargado de operaciones', 36);
INSERT INTO public.supervisor (id_supervisor, nombre, descripcion, id_empleado) VALUES (37, 'Peter', 'Supervisor de recursos humanos', 37);
INSERT INTO public.supervisor (id_supervisor, nombre, descripcion, id_empleado) VALUES (38, 'Bruce', 'Encargado de logística', 38);
INSERT INTO public.supervisor (id_supervisor, nombre, descripcion, id_empleado) VALUES (39, 'Tony', 'Supervisor de control de calidad', 39);
INSERT INTO public.supervisor (id_supervisor, nombre, descripcion, id_empleado) VALUES (40, 'Natasha', 'Encargada de finanzas', 41);
INSERT INTO public.supervisor (id_supervisor, nombre, descripcion, id_empleado) VALUES (41, 'Steve', 'Supervisor de atención al cliente', 42);
INSERT INTO public.supervisor (id_supervisor, nombre, descripcion, id_empleado) VALUES (42, 'Diana', 'Encargada de operaciones', 43);
INSERT INTO public.supervisor (id_supervisor, nombre, descripcion, id_empleado) VALUES (43, 'Barry', 'Supervisor de ingeniería', 44);
INSERT INTO public.supervisor (id_supervisor, nombre, descripcion, id_empleado) VALUES (44, 'Arthur', 'Encargado del departamento de ventas', 45);
INSERT INTO public.supervisor (id_supervisor, nombre, descripcion, id_empleado) VALUES (45, 'Oliver', 'Supervisor de compras', 46);
INSERT INTO public.supervisor (id_supervisor, nombre, descripcion, id_empleado) VALUES (46, 'Selina', 'Encargada de relaciones públicas', 47);
INSERT INTO public.supervisor (id_supervisor, nombre, descripcion, id_empleado) VALUES (47, 'Victor', 'Supervisor de distribución', 48);
INSERT INTO public.supervisor (id_supervisor, nombre, descripcion, id_empleado) VALUES (48, 'Clark', 'Encargado de control de inventario', 49);
INSERT INTO public.supervisor (id_supervisor, nombre, descripcion, id_empleado) VALUES (49, 'Peter', 'Supervisora de marketing digital', 50);
INSERT INTO public.supervisor (id_supervisor, nombre, descripcion, id_empleado) VALUES (50, 'Bruce', 'Encargado de gestión de proyectos', 51);
INSERT INTO public.supervisor (id_supervisor, nombre, descripcion, id_empleado) VALUES (51, 'Tony', 'Supervisor de operaciones', 52);
INSERT INTO public.supervisor (id_supervisor, nombre, descripcion, id_empleado) VALUES (52, 'Natasha', 'Encargada del departamento de recursos humanos', 53);
INSERT INTO public.supervisor (id_supervisor, nombre, descripcion, id_empleado) VALUES (53, 'Steve', 'Supervisor de logística', 54);
INSERT INTO public.supervisor (id_supervisor, nombre, descripcion, id_empleado) VALUES (54, 'Diana', 'Encargada de control de calidad', 55);
INSERT INTO public.supervisor (id_supervisor, nombre, descripcion, id_empleado) VALUES (55, 'Barry', 'Supervisor de finanzas', 56);
INSERT INTO public.supervisor (id_supervisor, nombre, descripcion, id_empleado) VALUES (56, 'Arthur', 'Encargado de atención al cliente', 57);
INSERT INTO public.supervisor (id_supervisor, nombre, descripcion, id_empleado) VALUES (57, 'Oliver', 'Supervisor de producción', 58);
INSERT INTO public.supervisor (id_supervisor, nombre, descripcion, id_empleado) VALUES (58, 'Selina', 'Encargada de investigación y desarrollo', 59);
INSERT INTO public.supervisor (id_supervisor, nombre, descripcion, id_empleado) VALUES (59, 'Victor', 'Supervisor de marketing', 60);
INSERT INTO public.supervisor (id_supervisor, nombre, descripcion, id_empleado) VALUES (60, 'Clark', 'Encargado de recursos humanos', 61);
INSERT INTO public.supervisor (id_supervisor, nombre, descripcion, id_empleado) VALUES (61, 'Peter', 'Supervisor de ventas', 62);
INSERT INTO public.supervisor (id_supervisor, nombre, descripcion, id_empleado) VALUES (62, 'Bruce', 'Encargado de compras', 63);
INSERT INTO public.supervisor (id_supervisor, nombre, descripcion, id_empleado) VALUES (63, 'Tony', 'Supervisora de relaciones públicas', 64);
INSERT INTO public.supervisor (id_supervisor, nombre, descripcion, id_empleado) VALUES (64, 'Natasha', 'Encargada de distribución', 65);
INSERT INTO public.supervisor (id_supervisor, nombre, descripcion, id_empleado) VALUES (65, 'Steve', 'Supervisor de control de inventario', 66);
INSERT INTO public.supervisor (id_supervisor, nombre, descripcion, id_empleado) VALUES (66, 'Diana', 'Encargada de marketing digital', 67);
INSERT INTO public.supervisor (id_supervisor, nombre, descripcion, id_empleado) VALUES (67, 'Barry', 'Supervisor de gestión de proyectos', 68);
INSERT INTO public.supervisor (id_supervisor, nombre, descripcion, id_empleado) VALUES (68, 'Arthur', 'Encargado de operaciones', 69);
INSERT INTO public.supervisor (id_supervisor, nombre, descripcion, id_empleado) VALUES (69, 'Oliver', 'Supervisor de recursos humanos', 70);
INSERT INTO public.supervisor (id_supervisor, nombre, descripcion, id_empleado) VALUES (70, 'Selina', 'Encargada de logística', 71);
INSERT INTO public.supervisor (id_supervisor, nombre, descripcion, id_empleado) VALUES (71, 'Victor', 'Supervisor de control de calidad', 72);
INSERT INTO public.supervisor (id_supervisor, nombre, descripcion, id_empleado) VALUES (72, 'Alex', 'Encargado del departamento de marketing', 73);
INSERT INTO public.supervisor (id_supervisor, nombre, descripcion, id_empleado) VALUES (73, 'Sophia', 'Supervisora de producción', 74);
INSERT INTO public.supervisor (id_supervisor, nombre, descripcion, id_empleado) VALUES (74, 'Liam', 'Encargado de logística', 75);
INSERT INTO public.supervisor (id_supervisor, nombre, descripcion, id_empleado) VALUES (75, 'Olivia', 'Supervisora de calidad', 76);
INSERT INTO public.supervisor (id_supervisor, nombre, descripcion, id_empleado) VALUES (76, 'Noah', 'Encargado de recursos humanos', 77);
INSERT INTO public.supervisor (id_supervisor, nombre, descripcion, id_empleado) VALUES (77, 'Ava', 'Supervisora de investigación y desarrollo', 78);
INSERT INTO public.supervisor (id_supervisor, nombre, descripcion, id_empleado) VALUES (78, 'Isabella', 'Encargada del departamento financiero', 79);
INSERT INTO public.supervisor (id_supervisor, nombre, descripcion, id_empleado) VALUES (79, 'Mia', 'Supervisora de atención al cliente', 80);
INSERT INTO public.supervisor (id_supervisor, nombre, descripcion, id_empleado) VALUES (80, 'Emma', 'Encargada de operaciones', 81);
INSERT INTO public.supervisor (id_supervisor, nombre, descripcion, id_empleado) VALUES (81, 'Charlotte', 'Supervisora de ingeniería', 82);
INSERT INTO public.supervisor (id_supervisor, nombre, descripcion, id_empleado) VALUES (82, 'Lucas', 'Encargado del departamento de ventas', 83);
INSERT INTO public.supervisor (id_supervisor, nombre, descripcion, id_empleado) VALUES (83, 'Amelia', 'Supervisora de compras', 84);
INSERT INTO public.supervisor (id_supervisor, nombre, descripcion, id_empleado) VALUES (84, 'Harper', 'Encargada de relaciones públicas', 85);
INSERT INTO public.supervisor (id_supervisor, nombre, descripcion, id_empleado) VALUES (85, 'Ethan', 'Supervisor de distribución', 86);
INSERT INTO public.supervisor (id_supervisor, nombre, descripcion, id_empleado) VALUES (86, 'Liam', 'Encargado de control de inventario', 87);
INSERT INTO public.supervisor (id_supervisor, nombre, descripcion, id_empleado) VALUES (87, 'Isabella', 'Supervisora de marketing digital', 88);
INSERT INTO public.supervisor (id_supervisor, nombre, descripcion, id_empleado) VALUES (88, 'James', 'Encargado de gestión de proyectos', 89);
INSERT INTO public.supervisor (id_supervisor, nombre, descripcion, id_empleado) VALUES (89, 'Sophia', 'Supervisora de operaciones', 90);
INSERT INTO public.supervisor (id_supervisor, nombre, descripcion, id_empleado) VALUES (90, 'Mia', 'Encargada del departamento de recursos humanos', 91);
INSERT INTO public.supervisor (id_supervisor, nombre, descripcion, id_empleado) VALUES (91, 'Amelia', 'Supervisora de logística', 92);
INSERT INTO public.supervisor (id_supervisor, nombre, descripcion, id_empleado) VALUES (92, 'Evelyn', 'Encargada de control de calidad', 93);
INSERT INTO public.supervisor (id_supervisor, nombre, descripcion, id_empleado) VALUES (93, 'Lucas', 'Supervisor de finanzas', 94);
INSERT INTO public.supervisor (id_supervisor, nombre, descripcion, id_empleado) VALUES (94, 'Avery', 'Encargado de atención al cliente', 95);
INSERT INTO public.supervisor (id_supervisor, nombre, descripcion, id_empleado) VALUES (95, 'Daniel', 'Supervisor de producción', 96);
INSERT INTO public.supervisor (id_supervisor, nombre, descripcion, id_empleado) VALUES (96, 'Madison', 'Encargada de investigación y desarrollo', 97);
INSERT INTO public.supervisor (id_supervisor, nombre, descripcion, id_empleado) VALUES (97, 'Logan', 'Supervisor de marketing', 98);
INSERT INTO public.supervisor (id_supervisor, nombre, descripcion, id_empleado) VALUES (98, 'Jack', 'Encargado de recursos humanos', 99);
INSERT INTO public.supervisor (id_supervisor, nombre, descripcion, id_empleado) VALUES (99, 'Scarlett', 'Supervisora de ventas', 100);
INSERT INTO public.supervisor (id_supervisor, nombre, descripcion, id_empleado) VALUES (100, 'Chisato', 'Supervisora de ventas', 100);


--
-- Data for Name: empleados; Type: TABLE DATA; Schema: public; 
--

INSERT INTO public.empleados (id_empleados, nombre, apellido, fecha_de_nacimiento, direccion, correo_electronio, id_departamento, id_salarios, id_direcciones, id_dependientes, id_historial, id_supervisor) VALUES (3, 'Juan', 'Hernández', 19881230, 'Avenida Juárez No. 456', 'juan.hdez@yahoo.com', 3, 3, 3, 3, 3, 3);
INSERT INTO public.empleados (id_empleados, nombre, apellido, fecha_de_nacimiento, direccion, correo_electronio, id_departamento, id_salarios, id_direcciones, id_dependientes, id_historial, id_supervisor) VALUES (4, 'María', 'López', 19900725, 'Calle Reforma No. 789', 'maria.lopez@gmail.com', 4, 4, 4, 4, 4, 4);
INSERT INTO public.empleados (id_empleados, nombre, apellido, fecha_de_nacimiento, direccion, correo_electronio, id_departamento, id_salarios, id_direcciones, id_dependientes, id_historial, id_supervisor) VALUES (5, 'Carlos', 'Martínez', 19930218, 'Avenida Hidalgo No. 234', 'carlos.mtz@hotmail.com', 5, 5, 5, 5, 5, 5);
INSERT INTO public.empleados (id_empleados, nombre, apellido, fecha_de_nacimiento, direccion, correo_electronio, id_departamento, id_salarios, id_direcciones, id_dependientes, id_historial, id_supervisor) VALUES (6, 'Laura', 'Rodríguez', 19920910, 'Calle Morelos No. 567', 'laura.rodriguez@yahoo.com', 6, 6, 6, 6, 6, 6);
INSERT INTO public.empleados (id_empleados, nombre, apellido, fecha_de_nacimiento, direccion, correo_electronio, id_departamento, id_salarios, id_direcciones, id_dependientes, id_historial, id_supervisor) VALUES (7, 'Pedro', 'González', 19931205, 'Calle Principal No. 789', 'pedro.gonzalez@gmail.com', 7, 7, 7, 7, 7, 7);
INSERT INTO public.empleados (id_empleados, nombre, apellido, fecha_de_nacimiento, direccion, correo_electronio, id_departamento, id_salarios, id_direcciones, id_dependientes, id_historial, id_supervisor) VALUES (8, 'Ana', 'Sánchez', 19970620, 'Avenida Libertad No. 890', 'ana.sanchez@hotmail.com', 8, 8, 8, 8, 8, 8);
INSERT INTO public.empleados (id_empleados, nombre, apellido, fecha_de_nacimiento, direccion, correo_electronio, id_departamento, id_salarios, id_direcciones, id_dependientes, id_historial, id_supervisor) VALUES (9, 'Miguel', 'Torres', 19910508, 'Calle 8 No. 234', 'miguel.torres@yahoo.com', 9, 9, 9, 9, 9, 9);
INSERT INTO public.empleados (id_empleados, nombre, apellido, fecha_de_nacimiento, direccion, correo_electronio, id_departamento, id_salarios, id_direcciones, id_dependientes, id_historial, id_supervisor) VALUES (11, 'Javier', 'Vargas', 19981203, 'Calle Juárez No. 890', 'javier.vargas@hotmail.com', 11, 11, 11, 11, 11, 11);
INSERT INTO public.empleados (id_empleados, nombre, apellido, fecha_de_nacimiento, direccion, correo_electronio, id_departamento, id_salarios, id_direcciones, id_dependientes, id_historial, id_supervisor) VALUES (12, 'Valentina', 'Morales', 19930128, 'Avenida Morelia No. 234', 'valentina.morales@yahoo.com', 12, 12, 12, 12, 12, 12);
INSERT INTO public.empleados (id_empleados, nombre, apellido, fecha_de_nacimiento, direccion, correo_electronio, id_departamento, id_salarios, id_direcciones, id_dependientes, id_historial, id_supervisor) VALUES (13, 'Fernando', 'Lara', 19901215, 'Calle 9 No. 345', 'fernando.lara@gmail.com', 13, 13, 13, 13, 13, 13);
INSERT INTO public.empleados (id_empleados, nombre, apellido, fecha_de_nacimiento, direccion, correo_electronio, id_departamento, id_salarios, id_direcciones, id_dependientes, id_historial, id_supervisor) VALUES (14, 'Adriana', 'Pérez', 19980928, 'Avenida México No. 678', 'adriana.perez@yahoo.com', 14, 14, 14, 14, 14, 14);
INSERT INTO public.empleados (id_empleados, nombre, apellido, fecha_de_nacimiento, direccion, correo_electronio, id_departamento, id_salarios, id_direcciones, id_dependientes, id_historial, id_supervisor) VALUES (15, 'Roberto', 'Díaz', 19870602, 'Calle Reforma No. 901', 'roberto.diaz@hotmail.com', 15, 15, 15, 15, 15, 15);
INSERT INTO public.empleados (id_empleados, nombre, apellido, fecha_de_nacimiento, direccion, correo_electronio, id_departamento, id_salarios, id_direcciones, id_dependientes, id_historial, id_supervisor) VALUES (16, 'Gabriela', 'Guzmán', 19951119, 'Avenida Principal No. 234', 'gabriela.guzman@gmail.com', 16, 16, 16, 16, 16, 16);
INSERT INTO public.empleados (id_empleados, nombre, apellido, fecha_de_nacimiento, direccion, correo_electronio, id_departamento, id_salarios, id_direcciones, id_dependientes, id_historial, id_supervisor) VALUES (17, 'Francisco', 'Ortega', 19920723, 'Calle Juárez No. 567', 'francisco.ortega@yahoo.com', 17, 17, 17, 17, 17, 17);
INSERT INTO public.empleados (id_empleados, nombre, apellido, fecha_de_nacimiento, direccion, correo_electronio, id_departamento, id_salarios, id_direcciones, id_dependientes, id_historial, id_supervisor) VALUES (18, 'Daniela', 'Santos', 19891212, 'Avenida del Sol No. 890', 'daniela.santos@hotmail.com', 18, 18, 18, 18, 18, 18);
INSERT INTO public.empleados (id_empleados, nombre, apellido, fecha_de_nacimiento, direccion, correo_electronio, id_departamento, id_salarios, id_direcciones, id_dependientes, id_historial, id_supervisor) VALUES (19, 'Luis', 'Vega', 19960105, 'Calle Morelia No. 123', 'luis.vega@gmail.com', 19, 19, 19, 19, 19, 19);
INSERT INTO public.empleados (id_empleados, nombre, apellido, fecha_de_nacimiento, direccion, correo_electronio, id_departamento, id_salarios, id_direcciones, id_dependientes, id_historial, id_supervisor) VALUES (21, 'Oscar', 'Fuentes', 19851008, 'Calle 10 No. 789', 'oscar.fuentes@hotmail.com', 21, 21, 21, 21, 21, 21);
INSERT INTO public.empleados (id_empleados, nombre, apellido, fecha_de_nacimiento, direccion, correo_electronio, id_departamento, id_salarios, id_direcciones, id_dependientes, id_historial, id_supervisor) VALUES (22, 'Mariana', 'Rojas', 19940922, 'Avenida Reforma No. 234', 'mariana.rojas@gmail.com', 22, 22, 22, 22, 22, 22);
INSERT INTO public.empleados (id_empleados, nombre, apellido, fecha_de_nacimiento, direccion, correo_electronio, id_departamento, id_salarios, id_direcciones, id_dependientes, id_historial, id_supervisor) VALUES (23, 'Hugo', 'Chávez', 19970214, 'Calle Principal No. 567', 'hugo.chavez@yahoo.com', 23, 23, 23, 23, 23, 23);
INSERT INTO public.empleados (id_empleados, nombre, apellido, fecha_de_nacimiento, direccion, correo_electronio, id_departamento, id_salarios, id_direcciones, id_dependientes, id_historial, id_supervisor) VALUES (24, 'Paulina', 'Navarro', 19900927, 'Avenida Hidalgo No. 890', 'paulina.navarro@hotmail.com', 24, 24, 24, 24, 24, 24);
INSERT INTO public.empleados (id_empleados, nombre, apellido, fecha_de_nacimiento, direccion, correo_electronio, id_departamento, id_salarios, id_direcciones, id_dependientes, id_historial, id_supervisor) VALUES (25, 'Takina', 'Lycoris', 20220519, 'Tokio principal No.2', 'Takina.lycoris@hotmail.com', 25, 25, 25, 25, 25, 25);
INSERT INTO public.empleados (id_empleados, nombre, apellido, fecha_de_nacimiento, direccion, correo_electronio, id_departamento, id_salarios, id_direcciones, id_dependientes, id_historial, id_supervisor) VALUES (26, 'Sofía', 'Hernández', 19930203, 'Calle 11 No. 123', 'sofia.hernandez@gmail.com', 26, 26, 26, 26, 26, 26);
INSERT INTO public.empleados (id_empleados, nombre, apellido, fecha_de_nacimiento, direccion, correo_electronio, id_departamento, id_salarios, id_direcciones, id_dependientes, id_historial, id_supervisor) VALUES (27, 'Jorge', 'Guerrero', 19970118, 'Avenida Juárez No. 456', 'jorge.guerrero@yahoo.com', 27, 27, 27, 27, 27, 27);
INSERT INTO public.empleados (id_empleados, nombre, apellido, fecha_de_nacimiento, direccion, correo_electronio, id_departamento, id_salarios, id_direcciones, id_dependientes, id_historial, id_supervisor) VALUES (28, 'Carmen', 'Paredes', 19890805, 'Calle Reforma No. 789', 'carmen.paredes@hotmail.com', 28, 28, 28, 28, 28, 28);
INSERT INTO public.empleados (id_empleados, nombre, apellido, fecha_de_nacimiento, direccion, correo_electronio, id_departamento, id_salarios, id_direcciones, id_dependientes, id_historial, id_supervisor) VALUES (29, 'Raúl', 'Luna', 19911220, 'Avenida Hidalgo No. 234', 'raul.luna@gmail.com', 29, 29, 29, 29, 29, 29);
INSERT INTO public.empleados (id_empleados, nombre, apellido, fecha_de_nacimiento, direccion, correo_electronio, id_departamento, id_salarios, id_direcciones, id_dependientes, id_historial, id_supervisor) VALUES (30, 'Fernanda', 'Vargas', 19951212, 'Calle Morelos No. 567', 'fernanda.vargas@yahoo.com', 30, 30, 30, 30, 30, 30);
INSERT INTO public.empleados (id_empleados, nombre, apellido, fecha_de_nacimiento, direccion, correo_electronio, id_departamento, id_salarios, id_direcciones, id_dependientes, id_historial, id_supervisor) VALUES (31, 'Andrés', 'Mendoza', 19920930, 'Avenida Principal No. 890', 'andres.mendoza@hotmail.com', 31, 31, 31, 31, 31, 31);
INSERT INTO public.empleados (id_empleados, nombre, apellido, fecha_de_nacimiento, direccion, correo_electronio, id_departamento, id_salarios, id_direcciones, id_dependientes, id_historial, id_supervisor) VALUES (32, 'Valeria', 'Ríos', 19980627, 'Calle Libertad No. 123', 'valeria.rios@gmail.com', 32, 32, 32, 32, 32, 32);
INSERT INTO public.empleados (id_empleados, nombre, apellido, fecha_de_nacimiento, direccion, correo_electronio, id_departamento, id_salarios, id_direcciones, id_dependientes, id_historial, id_supervisor) VALUES (33, 'Héctor', 'Silva', 19940314, 'Avenida México No. 456', 'hector.silva@yahoo.com', 33, 33, 33, 33, 33, 33);
INSERT INTO public.empleados (id_empleados, nombre, apellido, fecha_de_nacimiento, direccion, correo_electronio, id_departamento, id_salarios, id_direcciones, id_dependientes, id_historial, id_supervisor) VALUES (34, 'Lorena', 'Ortega', 19900317, 'Calle Juárez No. 789', 'lorena.ortega@hotmail.com', 34, 34, 34, 34, 34, 34);
INSERT INTO public.empleados (id_empleados, nombre, apellido, fecha_de_nacimiento, direccion, correo_electronio, id_departamento, id_salarios, id_direcciones, id_dependientes, id_historial, id_supervisor) VALUES (36, 'Lucía', 'Vega', 19871123, 'Calle Principal No. 567', 'lucia.vega@yahoo.com', 36, 36, 36, 36, 36, 36);
INSERT INTO public.empleados (id_empleados, nombre, apellido, fecha_de_nacimiento, direccion, correo_electronio, id_departamento, id_salarios, id_direcciones, id_dependientes, id_historial, id_supervisor) VALUES (37, 'Diego', 'Santos', 19931202, 'Avenida del Sol No. 890', 'diego.santos@hotmail.com', 37, 37, 37, 37, 37, 37);
INSERT INTO public.empleados (id_empleados, nombre, apellido, fecha_de_nacimiento, direccion, correo_electronio, id_departamento, id_salarios, id_direcciones, id_dependientes, id_historial, id_supervisor) VALUES (38, 'Valentina', 'Morales', 19940817, 'Avenida Morelia No. 123', 'valentina.morales@gmail.com', 38, 38, 38, 38, 38, 38);
INSERT INTO public.empleados (id_empleados, nombre, apellido, fecha_de_nacimiento, direccion, correo_electronio, id_departamento, id_salarios, id_direcciones, id_dependientes, id_historial, id_supervisor) VALUES (39, 'Javier', 'Fernández', 19920729, 'Calle 12 No. 456', 'javier.fernandez@yahoo.com', 39, 39, 39, 39, 39, 39);
INSERT INTO public.empleados (id_empleados, nombre, apellido, fecha_de_nacimiento, direccion, correo_electronio, id_departamento, id_salarios, id_direcciones, id_dependientes, id_historial, id_supervisor) VALUES (40, 'Camila', 'López', 19900112, 'Avenida Libertad No. 789', 'camila.lopez@hotmail.com', 30, 40, 40, 40, 40, 40);
INSERT INTO public.empleados (id_empleados, nombre, apellido, fecha_de_nacimiento, direccion, correo_electronio, id_departamento, id_salarios, id_direcciones, id_dependientes, id_historial, id_supervisor) VALUES (41, 'Gabriel', 'Herrera', 19930525, 'Calle 13 No. 234', 'gabriel.herrera@gmail.com', 41, 41, 41, 41, 41, 41);
INSERT INTO public.empleados (id_empleados, nombre, apellido, fecha_de_nacimiento, direccion, correo_electronio, id_departamento, id_salarios, id_direcciones, id_dependientes, id_historial, id_supervisor) VALUES (42, 'Mariana', 'Guzmán', 19981211, 'Avenida Hidalgo No. 567', 'mariana.guzman@yahoo.com', 42, 42, 42, 42, 42, 42);
INSERT INTO public.empleados (id_empleados, nombre, apellido, fecha_de_nacimiento, direccion, correo_electronio, id_departamento, id_salarios, id_direcciones, id_dependientes, id_historial, id_supervisor) VALUES (43, 'Sebastián', 'Rojas', 19951204, 'Calle Morelos No. 890', 'sebastian.rojas@hotmail.com', 43, 43, 43, 43, 43, 43);
INSERT INTO public.empleados (id_empleados, nombre, apellido, fecha_de_nacimiento, direccion, correo_electronio, id_departamento, id_salarios, id_direcciones, id_dependientes, id_historial, id_supervisor) VALUES (44, 'Isabella', 'Chávez', 19920127, 'Avenida Principal No. 123', 'isabella.chavez@gmail.com', 44, 44, 44, 44, 44, 44);
INSERT INTO public.empleados (id_empleados, nombre, apellido, fecha_de_nacimiento, direccion, correo_electronio, id_departamento, id_salarios, id_direcciones, id_dependientes, id_historial, id_supervisor) VALUES (45, 'Ricardo', 'Navarro', 19970510, 'Calle Juárez No. 456', 'ricardo.navarro@yahoo.com', 45, 45, 45, 45, 45, 45);
INSERT INTO public.empleados (id_empleados, nombre, apellido, fecha_de_nacimiento, direccion, correo_electronio, id_departamento, id_salarios, id_direcciones, id_dependientes, id_historial, id_supervisor) VALUES (46, 'Renata', 'Fuentes', 19941103, 'Avenida Reforma No. 789', 'renata.fuentes@hotmail.com', 46, 46, 46, 46, 46, 46);
INSERT INTO public.empleados (id_empleados, nombre, apellido, fecha_de_nacimiento, direccion, correo_electronio, id_departamento, id_salarios, id_direcciones, id_dependientes, id_historial, id_supervisor) VALUES (47, 'Samuel', 'Santos', 19900826, 'Calle Principal No. 234', 'samuel.santos@gmail.com', 47, 47, 47, 47, 47, 47);
INSERT INTO public.empleados (id_empleados, nombre, apellido, fecha_de_nacimiento, direccion, correo_electronio, id_departamento, id_salarios, id_direcciones, id_dependientes, id_historial, id_supervisor) VALUES (48, 'Valeria', 'Hernández', 19931221, 'Avenida Juárez No. 567', 'valeria.hernandez@yahoo.com', 48, 48, 48, 48, 48, 48);
INSERT INTO public.empleados (id_empleados, nombre, apellido, fecha_de_nacimiento, direccion, correo_electronio, id_departamento, id_salarios, id_direcciones, id_dependientes, id_historial, id_supervisor) VALUES (49, 'Martín', 'Luna', 19960714, 'Calle Reforma No. 890', 'martin.luna@hotmail.com', 49, 49, 49, 49, 49, 49);
INSERT INTO public.empleados (id_empleados, nombre, apellido, fecha_de_nacimiento, direccion, correo_electronio, id_departamento, id_salarios, id_direcciones, id_dependientes, id_historial, id_supervisor) VALUES (50, 'Carolina', 'Mendoza', 19920627, 'Avenida Hidalgo No. 123', 'carolina.mendoza@gmail.com', 50, 50, 50, 50, 50, 50);
INSERT INTO public.empleados (id_empleados, nombre, apellido, fecha_de_nacimiento, direccion, correo_electronio, id_departamento, id_salarios, id_direcciones, id_dependientes, id_historial, id_supervisor) VALUES (51, 'Mateo', 'Vargas', 19950219, 'Calle Morelia No. 456', 'mateo.vargas@yahoo.com', 51, 51, 51, 51, 51, 51);
INSERT INTO public.empleados (id_empleados, nombre, apellido, fecha_de_nacimiento, direccion, correo_electronio, id_departamento, id_salarios, id_direcciones, id_dependientes, id_historial, id_supervisor) VALUES (52, 'Valentina', 'Silva', 19911002, 'Avenida México No. 789', 'valentina.silva@hotmail.com', 52, 52, 52, 52, 52, 52);
INSERT INTO public.empleados (id_empleados, nombre, apellido, fecha_de_nacimiento, direccion, correo_electronio, id_departamento, id_salarios, id_direcciones, id_dependientes, id_historial, id_supervisor) VALUES (53, 'Juan', 'Ortega', 19971225, 'Calle Juárez No. 234', 'juan.ortega@gmail.com', 53, 53, 53, 53, 53, 53);
INSERT INTO public.empleados (id_empleados, nombre, apellido, fecha_de_nacimiento, direccion, correo_electronio, id_departamento, id_salarios, id_direcciones, id_dependientes, id_historial, id_supervisor) VALUES (54, 'Isabella', 'González', 19940808, 'Avenida Reforma No. 567', 'isabella.gonzalez@yahoo.com', 54, 54, 54, 54, 54, 54);
INSERT INTO public.empleados (id_empleados, nombre, apellido, fecha_de_nacimiento, direccion, correo_electronio, id_departamento, id_salarios, id_direcciones, id_dependientes, id_historial, id_supervisor) VALUES (55, 'Emilio', 'Vega', 19910903, 'Calle Principal No. 890', 'emilio.vega@hotmail.com', 55, 55, 55, 55, 55, 55);
INSERT INTO public.empleados (id_empleados, nombre, apellido, fecha_de_nacimiento, direccion, correo_electronio, id_departamento, id_salarios, id_direcciones, id_dependientes, id_historial, id_supervisor) VALUES (56, 'Julia', 'Santos', 19961216, 'Avenida del Sol No. 123', 'julia.santos@gmail.com', 56, 56, 56, 56, 56, 56);
INSERT INTO public.empleados (id_empleados, nombre, apellido, fecha_de_nacimiento, direccion, correo_electronio, id_departamento, id_salarios, id_direcciones, id_dependientes, id_historial, id_supervisor) VALUES (57, 'Sebastián', 'Hernández', 19930429, 'Calle 14 No. 456', 'sebastian.hernandez@yahoo.com', 57, 57, 57, 57, 57, 57);
INSERT INTO public.empleados (id_empleados, nombre, apellido, fecha_de_nacimiento, direccion, correo_electronio, id_departamento, id_salarios, id_direcciones, id_dependientes, id_historial, id_supervisor) VALUES (58, 'Gabriela', 'Fernández', 19900812, 'Avenida Libertad No. 789', 'gabriela.fernandez@hotmail.com', 58, 58, 58, 58, 58, 58);
INSERT INTO public.empleados (id_empleados, nombre, apellido, fecha_de_nacimiento, direccion, correo_electronio, id_departamento, id_salarios, id_direcciones, id_dependientes, id_historial, id_supervisor) VALUES (59, 'Andrés', 'Paredes', 19950205, 'Calle 15 No. 234', 'andres.paredes@gmail.com', 59, 59, 59, 59, 59, 59);
INSERT INTO public.empleados (id_empleados, nombre, apellido, fecha_de_nacimiento, direccion, correo_electronio, id_departamento, id_salarios, id_direcciones, id_dependientes, id_historial, id_supervisor) VALUES (60, 'Valeria', 'López', 19970428, 'Avenida Juárez No. 567', 'valeria.lopez@yahoo.com', 60, 60, 60, 60, 60, 60);
INSERT INTO public.empleados (id_empleados, nombre, apellido, fecha_de_nacimiento, direccion, correo_electronio, id_departamento, id_salarios, id_direcciones, id_dependientes, id_historial, id_supervisor) VALUES (61, 'Francisco', 'Herrera', 19910911, 'Calle Reforma No. 890', 'francisco.herrera@hotmail.com', 61, 61, 61, 61, 61, 61);
INSERT INTO public.empleados (id_empleados, nombre, apellido, fecha_de_nacimiento, direccion, correo_electronio, id_departamento, id_salarios, id_direcciones, id_dependientes, id_historial, id_supervisor) VALUES (62, 'Sofía', 'Gutiérrez', 19940521, 'Avenida Principal No. 123', 'sofia.gutierrez@gmail.com', 62, 62, 62, 62, 62, 62);
INSERT INTO public.empleados (id_empleados, nombre, apellido, fecha_de_nacimiento, direccion, correo_electronio, id_departamento, id_salarios, id_direcciones, id_dependientes, id_historial, id_supervisor) VALUES (63, 'Benjamín', 'López', 19980615, 'Calle Juárez No. 456', 'benjamin.lopez@yahoo.com', 63, 63, 63, 63, 63, 63);
INSERT INTO public.empleados (id_empleados, nombre, apellido, fecha_de_nacimiento, direccion, correo_electronio, id_departamento, id_salarios, id_direcciones, id_dependientes, id_historial, id_supervisor) VALUES (64, 'Lucía', 'Ramírez', 19950328, 'Avenida Reforma No. 789', 'lucia.ramirez@hotmail.com', 64, 64, 64, 64, 64, 64);
INSERT INTO public.empleados (id_empleados, nombre, apellido, fecha_de_nacimiento, direccion, correo_electronio, id_departamento, id_salarios, id_direcciones, id_dependientes, id_historial, id_supervisor) VALUES (65, 'Matías', 'Torres', 19921207, 'Calle Libertad No. 234', 'matias.torres@gmail.com', 65, 65, 65, 65, 65, 65);
INSERT INTO public.empleados (id_empleados, nombre, apellido, fecha_de_nacimiento, direccion, correo_electronio, id_departamento, id_salarios, id_direcciones, id_dependientes, id_historial, id_supervisor) VALUES (66, 'Valentina', 'Hernández', 19970911, 'Avenida Hidalgo No. 567', 'valentina.hernandez@yahoo.com', 66, 66, 66, 66, 66, 66);
INSERT INTO public.empleados (id_empleados, nombre, apellido, fecha_de_nacimiento, direccion, correo_electronio, id_departamento, id_salarios, id_direcciones, id_dependientes, id_historial, id_supervisor) VALUES (67, 'Sebastián', 'Gómez', 19930824, 'Calle Morelos No. 890', 'sebastian.gomez@hotmail.com', 67, 67, 67, 67, 67, 67);
INSERT INTO public.empleados (id_empleados, nombre, apellido, fecha_de_nacimiento, direccion, correo_electronio, id_departamento, id_salarios, id_direcciones, id_dependientes, id_historial, id_supervisor) VALUES (68, 'Isabella', 'Morales', 19950117, 'Avenida Principal No. 123', 'isabella.morales@gmail.com', 68, 68, 68, 68, 68, 68);
INSERT INTO public.empleados (id_empleados, nombre, apellido, fecha_de_nacimiento, direccion, correo_electronio, id_departamento, id_salarios, id_direcciones, id_dependientes, id_historial, id_supervisor) VALUES (69, 'Emilio', 'Sánchez', 19990630, 'Calle Juárez No. 456', 'emilio.sanchez@yahoo.com', 69, 69, 69, 69, 69, 69);
INSERT INTO public.empleados (id_empleados, nombre, apellido, fecha_de_nacimiento, direccion, correo_electronio, id_departamento, id_salarios, id_direcciones, id_dependientes, id_historial, id_supervisor) VALUES (70, 'Valeria', 'Flores', 19960723, 'Avenida Reforma No. 789', 'valeria.flores@hotmail.com', 70, 70, 70, 70, 70, 70);
INSERT INTO public.empleados (id_empleados, nombre, apellido, fecha_de_nacimiento, direccion, correo_electronio, id_departamento, id_salarios, id_direcciones, id_dependientes, id_historial, id_supervisor) VALUES (71, 'Joaquín', 'Vargas', 19921106, 'Calle Libertad No. 234', 'joaquin.vargas@gmail.com', 71, 71, 71, 71, 71, 71);
INSERT INTO public.empleados (id_empleados, nombre, apellido, fecha_de_nacimiento, direccion, correo_electronio, id_departamento, id_salarios, id_direcciones, id_dependientes, id_historial, id_supervisor) VALUES (72, 'Gabriela', 'Ríos', 19980919, 'Avenida Hidalgo No. 567', 'gabriela.rios@yahoo.com', 72, 72, 72, 72, 72, 72);
INSERT INTO public.empleados (id_empleados, nombre, apellido, fecha_de_nacimiento, direccion, correo_electronio, id_departamento, id_salarios, id_direcciones, id_dependientes, id_historial, id_supervisor) VALUES (73, 'Samuel', 'Herrera', 19950502, 'Calle Morelos No. 890', 'samuel.herrera@hotmail.com', 73, 73, 73, 73, 73, 73);
INSERT INTO public.empleados (id_empleados, nombre, apellido, fecha_de_nacimiento, direccion, correo_electronio, id_departamento, id_salarios, id_direcciones, id_dependientes, id_historial, id_supervisor) VALUES (76, 'Valentina', 'Pérez', 19920110, 'Avenida Reforma No. 789', 'valentina.perez@hotmail.com', 76, 76, 76, 76, 76, 76);
INSERT INTO public.empleados (id_empleados, nombre, apellido, fecha_de_nacimiento, direccion, correo_electronio, id_departamento, id_salarios, id_direcciones, id_dependientes, id_historial, id_supervisor) VALUES (77, 'Santiago', 'Ramírez', 19971023, 'Calle Libertad No. 234', 'santiago.ramirez@gmail.com', 77, 77, 77, 77, 77, 77);
INSERT INTO public.empleados (id_empleados, nombre, apellido, fecha_de_nacimiento, direccion, correo_electronio, id_departamento, id_salarios, id_direcciones, id_dependientes, id_historial, id_supervisor) VALUES (78, 'Victoria', 'Hernández', 19951206, 'Avenida Hidalgo No. 567', 'victoria.hernandez@yahoo.com', 78, 78, 78, 78, 78, 78);
INSERT INTO public.empleados (id_empleados, nombre, apellido, fecha_de_nacimiento, direccion, correo_electronio, id_departamento, id_salarios, id_direcciones, id_dependientes, id_historial, id_supervisor) VALUES (79, 'Alejandro', 'Gómez', 19910819, 'Calle Morelos No. 890', 'alejandro.gomez@hotmail.com', 79, 79, 79, 79, 79, 79);
INSERT INTO public.empleados (id_empleados, nombre, apellido, fecha_de_nacimiento, direccion, correo_electronio, id_departamento, id_salarios, id_direcciones, id_dependientes, id_historial, id_supervisor) VALUES (80, 'Emma', 'Morales', 19930302, 'Avenida Principal No. 123', 'emma.morales@gmail.com', 80, 80, 80, 80, 80, 80);
INSERT INTO public.empleados (id_empleados, nombre, apellido, fecha_de_nacimiento, direccion, correo_electronio, id_departamento, id_salarios, id_direcciones, id_dependientes, id_historial, id_supervisor) VALUES (81, 'Sebastián', 'Sánchez', 19970415, 'Calle Juárez No. 456', 'sebastian.sanchez@yahoo.com', 81, 81, 81, 81, 81, 81);
INSERT INTO public.empleados (id_empleados, nombre, apellido, fecha_de_nacimiento, direccion, correo_electronio, id_departamento, id_salarios, id_direcciones, id_dependientes, id_historial, id_supervisor) VALUES (82, 'Mariana', 'Flores', 19920728, 'Avenida Reforma No. 789', 'mariana.flores@hotmail.com', 82, 82, 82, 82, 82, 82);
INSERT INTO public.empleados (id_empleados, nombre, apellido, fecha_de_nacimiento, direccion, correo_electronio, id_departamento, id_salarios, id_direcciones, id_dependientes, id_historial, id_supervisor) VALUES (83, 'Diego', 'Vargas', 19980810, 'Calle Libertad No. 234', 'diego.vargas@gmail.com', 83, 83, 83, 83, 83, 83);
INSERT INTO public.empleados (id_empleados, nombre, apellido, fecha_de_nacimiento, direccion, correo_electronio, id_departamento, id_salarios, id_direcciones, id_dependientes, id_historial, id_supervisor) VALUES (84, 'Valeria', 'Ríos', 19940923, 'Avenida Hidalgo No. 567', 'valeria.rios@yahoo.com', 84, 84, 84, 84, 84, 84);
INSERT INTO public.empleados (id_empleados, nombre, apellido, fecha_de_nacimiento, direccion, correo_electronio, id_departamento, id_salarios, id_direcciones, id_dependientes, id_historial, id_supervisor) VALUES (85, 'Carlos', 'Herrera', 19961206, 'Calle Morelos No. 890', 'carlos.herrera@hotmail.com', 85, 85, 85, 85, 85, 85);
INSERT INTO public.empleados (id_empleados, nombre, apellido, fecha_de_nacimiento, direccion, correo_electronio, id_departamento, id_salarios, id_direcciones, id_dependientes, id_historial, id_supervisor) VALUES (86, 'Natalia', 'Gutiérrez', 19941003, 'Avenida Principal No. 123', 'natalia.gutierrez@gmail.com', 86, 86, 86, 86, 86, 86);
INSERT INTO public.empleados (id_empleados, nombre, apellido, fecha_de_nacimiento, direccion, correo_electronio, id_departamento, id_salarios, id_direcciones, id_dependientes, id_historial, id_supervisor) VALUES (87, 'Martín', 'López', 19980315, 'Calle Juárez No. 456', 'martin.lopez@yahoo.com', 87, 87, 87, 87, 87, 87);
INSERT INTO public.empleados (id_empleados, nombre, apellido, fecha_de_nacimiento, direccion, correo_electronio, id_departamento, id_salarios, id_direcciones, id_dependientes, id_historial, id_supervisor) VALUES (88, 'Valentina', 'Ramírez', 19950228, 'Avenida Reforma No. 789', 'valentina.ramirez@hotmail.com', 88, 88, 88, 88, 88, 88);
INSERT INTO public.empleados (id_empleados, nombre, apellido, fecha_de_nacimiento, direccion, correo_electronio, id_departamento, id_salarios, id_direcciones, id_dependientes, id_historial, id_supervisor) VALUES (89, 'Luis', 'Torres', 19921007, 'Calle Libertad No. 234', 'luis.torres@gmail.com', 89, 89, 89, 89, 89, 89);
INSERT INTO public.empleados (id_empleados, nombre, apellido, fecha_de_nacimiento, direccion, correo_electronio, id_departamento, id_salarios, id_direcciones, id_dependientes, id_historial, id_supervisor) VALUES (90, 'Fernanda', 'Hernández', 19970311, 'Avenida Hidalgo No. 567', 'fernanda.hernandez@yahoo.com', 90, 90, 90, 90, 90, 90);
INSERT INTO public.empleados (id_empleados, nombre, apellido, fecha_de_nacimiento, direccion, correo_electronio, id_departamento, id_salarios, id_direcciones, id_dependientes, id_historial, id_supervisor) VALUES (91, 'Santiago', 'Gómez', 19930824, 'Calle Morelos No. 890', 'santiago.gomez@hotmail.com', 91, 91, 91, 91, 91, 91);
INSERT INTO public.empleados (id_empleados, nombre, apellido, fecha_de_nacimiento, direccion, correo_electronio, id_departamento, id_salarios, id_direcciones, id_dependientes, id_historial, id_supervisor) VALUES (92, 'Isabella', 'Morales', 19950117, 'Avenida Principal No. 123', 'isabella.morales@gmail.com', 92, 92, 92, 92, 92, 92);
INSERT INTO public.empleados (id_empleados, nombre, apellido, fecha_de_nacimiento, direccion, correo_electronio, id_departamento, id_salarios, id_direcciones, id_dependientes, id_historial, id_supervisor) VALUES (93, 'Sebastián', 'Sánchez', 19990630, 'Calle Juárez No. 456', 'sebastian.sanchez@yahoo.com', 93, 93, 93, 93, 93, 93);
INSERT INTO public.empleados (id_empleados, nombre, apellido, fecha_de_nacimiento, direccion, correo_electronio, id_departamento, id_salarios, id_direcciones, id_dependientes, id_historial, id_supervisor) VALUES (94, 'Valeria', 'Flores', 19960723, 'Avenida Reforma No. 789', 'valeria.flores@hotmail.com', 94, 94, 94, 94, 94, 94);
INSERT INTO public.empleados (id_empleados, nombre, apellido, fecha_de_nacimiento, direccion, correo_electronio, id_departamento, id_salarios, id_direcciones, id_dependientes, id_historial, id_supervisor) VALUES (95, 'Joaquín', 'Vargas', 19921106, 'Calle Libertad No. 234', 'joaquin.vargas@gmail.com', 95, 95, 95, 95, 95, 95);
INSERT INTO public.empleados (id_empleados, nombre, apellido, fecha_de_nacimiento, direccion, correo_electronio, id_departamento, id_salarios, id_direcciones, id_dependientes, id_historial, id_supervisor) VALUES (96, 'Gabriela', 'Ríos', 19980919, 'Avenida Hidalgo No. 567', 'gabriela.rios@yahoo.com', 96, 96, 96, 96, 96, 96);
INSERT INTO public.empleados (id_empleados, nombre, apellido, fecha_de_nacimiento, direccion, correo_electronio, id_departamento, id_salarios, id_direcciones, id_dependientes, id_historial, id_supervisor) VALUES (97, 'Samuel', 'Herrera', 19950502, 'Calle Morelos No. 890', 'samuel.herrera@hotmail.com', 97, 97, 97, 97, 97, 97);
INSERT INTO public.empleados (id_empleados, nombre, apellido, fecha_de_nacimiento, direccion, correo_electronio, id_departamento, id_salarios, id_direcciones, id_dependientes, id_historial, id_supervisor) VALUES (98, 'Valentina', 'Silva', 19981203, 'Avenida Reforma No. 789', 'valentina.silva@hotmail.com', 98, 98, 98, 98, 98, 98);
INSERT INTO public.empleados (id_empleados, nombre, apellido, fecha_de_nacimiento, direccion, correo_electronio, id_departamento, id_salarios, id_direcciones, id_dependientes, id_historial, id_supervisor) VALUES (99, 'Andrés', 'Gómez', 19931215, 'Avenida Principal No. 123', 'andres.gomez@gmail.com', 99, 99, 99, 99, 99, 99);
INSERT INTO public.empleados (id_empleados, nombre, apellido, fecha_de_nacimiento, direccion, correo_electronio, id_departamento, id_salarios, id_direcciones, id_dependientes, id_historial, id_supervisor) VALUES (100, 'Carolina', 'López', 19970928, 'Calle Juárez No. 456', 'carolina.lopez@yahoo.com', 100, 100, 100, 100, 100, 100);
INSERT INTO public.empleados (id_empleados, nombre, apellido, fecha_de_nacimiento, direccion, correo_electronio, id_departamento, id_salarios, id_direcciones, id_dependientes, id_historial, id_supervisor) VALUES (1, 'abrhaa', 'jimenez', 20010909, 'Calle cadete No. 09', 'abraham.jmnz@gmail.com', 1, 1, 1, 1, 1, 1);


--
-- PostgreSQL database dump complete
--

